{
  "type": "FeatureCollection",
  "name": "Mountain Creek Resort — RidePal trail vectors",
  "source": "https://www.ridepal.app/parks/mountain-creek-resort",
  "features": [
    {
      "type": "Feature",
      "properties": {
        "name": "Lower Greenhorn",
        "ridepalUrl": "https://www.ridepal.app/trails/us/new-jersey/vernon/lower-greenhorn-gnk897",
        "slug": "lower-greenhorn-gnk897",
        "difficultyLabel": "Green Circle",
        "difficulty": "green",
        "distanceMiles": 1.019670126461465,
        "isLoop": false,
        "source": "admin"
      },
      "geometry": {
        "type": "MultiLineString",
        "coordinates": [
          [
            [
              -74.5048382,
              41.1839233
            ],
            [
              -74.5046626,
              41.1839071
            ],
            [
              -74.5044512,
              41.1838634
            ],
            [
              -74.5043612,
              41.1838712
            ],
            [
              -74.5041727,
              41.1839166
            ],
            [
              -74.5039421,
              41.1839166
            ],
            [
              -74.5037831,
              41.1839433
            ],
            [
              -74.5036755,
              41.1839338
            ],
            [
              -74.5036291,
              41.1839565
            ],
            [
              -74.5036422,
              41.1839828
            ],
            [
              -74.503669,
              41.1839999
            ],
            [
              -74.5037165,
              41.1840342
            ],
            [
              -74.503794,
              41.1841256
            ],
            [
              -74.5037564,
              41.1841772
            ],
            [
              -74.5036564,
              41.1842063
            ],
            [
              -74.503602,
              41.1841891
            ],
            [
              -74.5035308,
              41.1841485
            ],
            [
              -74.503501,
              41.1841009
            ],
            [
              -74.5034635,
              41.1840911
            ],
            [
              -74.5034423,
              41.1841116
            ],
            [
              -74.5034581,
              41.1841519
            ],
            [
              -74.5035365,
              41.184222
            ],
            [
              -74.5035847,
              41.1842395
            ],
            [
              -74.5035868,
              41.18427
            ],
            [
              -74.5035579,
              41.1842937
            ],
            [
              -74.5035067,
              41.1842805
            ],
            [
              -74.5034184,
              41.1842181
            ],
            [
              -74.5033623,
              41.1841471
            ],
            [
              -74.5033395,
              41.1841103
            ],
            [
              -74.5033032,
              41.1840934
            ],
            [
              -74.5032712,
              41.1841101
            ],
            [
              -74.5032687,
              41.184132
            ],
            [
              -74.5033489,
              41.1842169
            ],
            [
              -74.5034593,
              41.1843017
            ],
            [
              -74.5035054,
              41.1843333
            ],
            [
              -74.5035207,
              41.1843511
            ],
            [
              -74.5035145,
              41.1843765
            ],
            [
              -74.5034898,
              41.1843893
            ],
            [
              -74.5034367,
              41.1843793
            ],
            [
              -74.5033664,
              41.1843351
            ],
            [
              -74.5033241,
              41.184302
            ],
            [
              -74.5032676,
              41.1842987
            ],
            [
              -74.5031998,
              41.1843365
            ],
            [
              -74.5031363,
              41.1843905
            ],
            [
              -74.5029935,
              41.1845615
            ],
            [
              -74.5026199,
              41.1848862
            ],
            [
              -74.5025253,
              41.1850328
            ],
            [
              -74.5024692,
              41.1852351
            ],
            [
              -74.5023191,
              41.1855412
            ],
            [
              -74.5022929,
              41.1856585
            ],
            [
              -74.5021874,
              41.185818
            ],
            [
              -74.5019848,
              41.1859845
            ],
            [
              -74.5019088,
              41.1860452
            ],
            [
              -74.5016694,
              41.1862362
            ],
            [
              -74.5014476,
              41.1862856
            ],
            [
              -74.50125,
              41.1862502
            ],
            [
              -74.5010061,
              41.1862249
            ],
            [
              -74.5008506,
              41.1862184
            ],
            [
              -74.5007285,
              41.1861744
            ],
            [
              -74.5006854,
              41.1861335
            ],
            [
              -74.5006259,
              41.1861238
            ],
            [
              -74.5005299,
              41.1861961
            ],
            [
              -74.5005121,
              41.1862457
            ],
            [
              -74.500513,
              41.1862927
            ],
            [
              -74.500587,
              41.186334
            ],
            [
              -74.5006693,
              41.1863364
            ],
            [
              -74.5008275,
              41.1863533
            ],
            [
              -74.5008469,
              41.1863956
            ],
            [
              -74.5007812,
              41.1864944
            ],
            [
              -74.5007209,
              41.1865275
            ],
            [
              -74.5006083,
              41.1865942
            ],
            [
              -74.5005514,
              41.1866353
            ],
            [
              -74.5005355,
              41.1866754
            ],
            [
              -74.5004879,
              41.1866954
            ],
            [
              -74.5004337,
              41.1867183
            ],
            [
              -74.5004198,
              41.1867596
            ],
            [
              -74.5004432,
              41.1867942
            ],
            [
              -74.5005672,
              41.1868145
            ],
            [
              -74.5006675,
              41.1868484
            ],
            [
              -74.5006727,
              41.1870693
            ],
            [
              -74.5008058,
              41.1871497
            ],
            [
              -74.5010266,
              41.1871908
            ],
            [
              -74.5010626,
              41.1872203
            ],
            [
              -74.5010329,
              41.1873223
            ],
            [
              -74.5009063,
              41.1874296
            ],
            [
              -74.500958,
              41.1874866
            ],
            [
              -74.5010305,
              41.1875092
            ],
            [
              -74.5013181,
              41.1874437
            ],
            [
              -74.5013548,
              41.1874239
            ],
            [
              -74.5014478,
              41.1874272
            ],
            [
              -74.5015048,
              41.1874765
            ],
            [
              -74.5015547,
              41.1875367
            ],
            [
              -74.50184,
              41.1876579
            ],
            [
              -74.5020846,
              41.1877356
            ],
            [
              -74.5023605,
              41.187771
            ],
            [
              -74.502755,
              41.1877934
            ],
            [
              -74.5028926,
              41.1878608
            ],
            [
              -74.5029914,
              41.1879465
            ],
            [
              -74.5030103,
              41.1880376
            ],
            [
              -74.5029763,
              41.1880996
            ],
            [
              -74.5028953,
              41.1881496
            ],
            [
              -74.5024484,
              41.1882466
            ],
            [
              -74.5023693,
              41.1883101
            ],
            [
              -74.5023518,
              41.1884139
            ],
            [
              -74.5024389,
              41.1884965
            ],
            [
              -74.5025663,
              41.1885145
            ],
            [
              -74.5027483,
              41.1885162
            ],
            [
              -74.5029304,
              41.1884998
            ],
            [
              -74.5031147,
              41.1884629
            ],
            [
              -74.5031936,
              41.1884633
            ],
            [
              -74.5032778,
              41.1884717
            ],
            [
              -74.5033326,
              41.1885125
            ],
            [
              -74.5033551,
              41.1885794
            ],
            [
              -74.5033448,
              41.18866
            ],
            [
              -74.5032863,
              41.1887386
            ],
            [
              -74.5031852,
              41.1887888
            ],
            [
              -74.5028468,
              41.1888954
            ],
            [
              -74.5027049,
              41.1889164
            ],
            [
              -74.5026439,
              41.1889613
            ],
            [
              -74.502675,
              41.1890403
            ],
            [
              -74.5028457,
              41.1891879
            ],
            [
              -74.5029827,
              41.1892599
            ],
            [
              -74.503244,
              41.1893101
            ],
            [
              -74.5035965,
              41.1892876
            ],
            [
              -74.5036715,
              41.1893006
            ],
            [
              -74.5037171,
              41.1893566
            ],
            [
              -74.503713,
              41.1894197
            ],
            [
              -74.5036839,
              41.1894716
            ],
            [
              -74.5035767,
              41.1895672
            ],
            [
              -74.5035189,
              41.1895937
            ],
            [
              -74.5034092,
              41.1896341
            ],
            [
              -74.5033806,
              41.1896907
            ],
            [
              -74.5033801,
              41.1897393
            ],
            [
              -74.5034215,
              41.1898007
            ],
            [
              -74.5034935,
              41.1898357
            ],
            [
              -74.5037873,
              41.1899078
            ],
            [
              -74.5038611,
              41.189916
            ],
            [
              -74.5039327,
              41.1899292
            ],
            [
              -74.5043441,
              41.1899062
            ],
            [
              -74.5046325,
              41.1898148
            ],
            [
              -74.504841,
              41.189771
            ],
            [
              -74.5049575,
              41.1897171
            ]
          ]
        ]
      }
    },
    {
      "type": "Feature",
      "properties": {
        "name": "Tempest",
        "ridepalUrl": "https://www.ridepal.app/trails/us/new-jersey/vernon/tempest-qip2ke",
        "slug": "tempest-qip2ke",
        "difficultyLabel": "Blue Square",
        "difficulty": "blue",
        "distanceMiles": 0.7450240594925635,
        "isLoop": false,
        "source": "admin"
      },
      "geometry": {
        "type": "MultiLineString",
        "coordinates": [
          [
            [
              -74.5006745,
              41.1873305
            ],
            [
              -74.5005138,
              41.1871502
            ],
            [
              -74.5004807,
              41.1870817
            ],
            [
              -74.5004592,
              41.1870275
            ],
            [
              -74.5003932,
              41.1869866
            ],
            [
              -74.5002089,
              41.186954
            ],
            [
              -74.5000308,
              41.1869596
            ],
            [
              -74.4998632,
              41.1869419
            ],
            [
              -74.4997818,
              41.186946
            ],
            [
              -74.4996494,
              41.1869451
            ],
            [
              -74.4995105,
              41.1869082
            ],
            [
              -74.499392,
              41.1869163
            ],
            [
              -74.4992187,
              41.1869625
            ],
            [
              -74.4991255,
              41.1869315
            ],
            [
              -74.4990984,
              41.1869395
            ],
            [
              -74.4990587,
              41.1869593
            ],
            [
              -74.4990343,
              41.186999
            ],
            [
              -74.4990016,
              41.1870157
            ],
            [
              -74.4989321,
              41.1870276
            ],
            [
              -74.4988704,
              41.1870194
            ],
            [
              -74.4986956,
              41.1870154
            ],
            [
              -74.4984904,
              41.1870435
            ],
            [
              -74.4983443,
              41.1870066
            ],
            [
              -74.4982389,
              41.1869926
            ],
            [
              -74.4980728,
              41.1869875
            ],
            [
              -74.4979252,
              41.1869943
            ],
            [
              -74.4978845,
              41.1869558
            ],
            [
              -74.4978952,
              41.1869096
            ],
            [
              -74.4979559,
              41.1868879
            ],
            [
              -74.4980835,
              41.1868663
            ],
            [
              -74.4981633,
              41.1868343
            ],
            [
              -74.4982214,
              41.1867812
            ],
            [
              -74.4982872,
              41.1866749
            ],
            [
              -74.4983706,
              41.1866722
            ],
            [
              -74.4984337,
              41.1866382
            ],
            [
              -74.4984605,
              41.1865808
            ],
            [
              -74.4985344,
              41.1865409
            ],
            [
              -74.4986192,
              41.1865329
            ],
            [
              -74.4986746,
              41.1864763
            ],
            [
              -74.4986333,
              41.1864197
            ],
            [
              -74.4984521,
              41.1864481
            ],
            [
              -74.4983135,
              41.1864177
            ],
            [
              -74.4979635,
              41.1863495
            ],
            [
              -74.4978205,
              41.1862981
            ],
            [
              -74.4977344,
              41.1862475
            ],
            [
              -74.4977041,
              41.1861786
            ],
            [
              -74.4977752,
              41.1861618
            ],
            [
              -74.4978778,
              41.1861549
            ],
            [
              -74.4979632,
              41.1861184
            ],
            [
              -74.4980385,
              41.1860528
            ],
            [
              -74.4982314,
              41.1859724
            ],
            [
              -74.4982892,
              41.1859417
            ],
            [
              -74.4984926,
              41.1858752
            ],
            [
              -74.4986898,
              41.1857918
            ],
            [
              -74.4987437,
              41.1857421
            ],
            [
              -74.4987833,
              41.1856695
            ],
            [
              -74.498769,
              41.1856419
            ],
            [
              -74.4986942,
              41.1856339
            ],
            [
              -74.4985038,
              41.1856733
            ],
            [
              -74.4984458,
              41.1856572
            ],
            [
              -74.498395,
              41.1856312
            ],
            [
              -74.4983686,
              41.1855914
            ],
            [
              -74.4983401,
              41.1855433
            ],
            [
              -74.4982986,
              41.1854816
            ],
            [
              -74.4982591,
              41.1854543
            ],
            [
              -74.4981893,
              41.1854656
            ],
            [
              -74.4981267,
              41.1854945
            ],
            [
              -74.4980616,
              41.1854951
            ],
            [
              -74.4979885,
              41.185466
            ],
            [
              -74.4979661,
              41.1854308
            ],
            [
              -74.4979785,
              41.1853871
            ],
            [
              -74.4980848,
              41.1853807
            ],
            [
              -74.4982344,
              41.1853405
            ],
            [
              -74.4982621,
              41.1852565
            ],
            [
              -74.4982221,
              41.1850635
            ],
            [
              -74.4981587,
              41.18502
            ],
            [
              -74.4978267,
              41.1849735
            ],
            [
              -74.4977218,
              41.1849337
            ],
            [
              -74.4976249,
              41.1848435
            ],
            [
              -74.4975021,
              41.1847627
            ],
            [
              -74.4972378,
              41.1846973
            ],
            [
              -74.4971245,
              41.1846374
            ],
            [
              -74.4970054,
              41.1844776
            ],
            [
              -74.496992,
              41.1843924
            ],
            [
              -74.4968614,
              41.1843643
            ],
            [
              -74.496847,
              41.1843144
            ],
            [
              -74.4968573,
              41.1841907
            ],
            [
              -74.4967433,
              41.1840251
            ],
            [
              -74.4967092,
              41.1839086
            ],
            [
              -74.4969353,
              41.1837189
            ],
            [
              -74.4971277,
              41.1837277
            ],
            [
              -74.4972387,
              41.1837109
            ],
            [
              -74.497426,
              41.1835779
            ],
            [
              -74.4977872,
              41.183359
            ],
            [
              -74.4979307,
              41.183237
            ],
            [
              -74.4979605,
              41.1831529
            ],
            [
              -74.4981292,
              41.1829633
            ],
            [
              -74.4983097,
              41.1827747
            ],
            [
              -74.4990906,
              41.1822002
            ]
          ]
        ]
      }
    },
    {
      "type": "Feature",
      "properties": {
        "name": "Greenhorn",
        "ridepalUrl": "https://www.ridepal.app/trails/us/new-jersey/vernon/greenhorn-qel2gl",
        "slug": "greenhorn-qel2gl",
        "difficultyLabel": "Green Circle",
        "difficulty": "green",
        "distanceMiles": 0.6915861369601527,
        "isLoop": false,
        "source": "admin"
      },
      "geometry": {
        "type": "MultiLineString",
        "coordinates": [
          [
            [
              -74.5037443,
              41.1799929
            ],
            [
              -74.503785,
              41.1799384
            ],
            [
              -74.5038676,
              41.1799214
            ],
            [
              -74.5039408,
              41.1799237
            ],
            [
              -74.504019,
              41.1799043
            ],
            [
              -74.5040889,
              41.1798704
            ],
            [
              -74.5041696,
              41.1798539
            ],
            [
              -74.5043715,
              41.1798805
            ],
            [
              -74.5045482,
              41.1798717
            ],
            [
              -74.5046478,
              41.1798491
            ],
            [
              -74.5047085,
              41.1798163
            ],
            [
              -74.5048813,
              41.1798125
            ],
            [
              -74.5050105,
              41.1798692
            ],
            [
              -74.505092,
              41.179882
            ],
            [
              -74.5052778,
              41.1799314
            ],
            [
              -74.5053398,
              41.1799237
            ],
            [
              -74.5054054,
              41.1798881
            ],
            [
              -74.5054753,
              41.1798704
            ],
            [
              -74.5055674,
              41.179856
            ],
            [
              -74.5058971,
              41.1798688
            ],
            [
              -74.5060209,
              41.1798181
            ],
            [
              -74.5061046,
              41.1796991
            ],
            [
              -74.5061667,
              41.1796329
            ],
            [
              -74.5062606,
              41.1795844
            ],
            [
              -74.5065052,
              41.1793426
            ],
            [
              -74.5065787,
              41.1793014
            ],
            [
              -74.5066912,
              41.1793241
            ],
            [
              -74.5067905,
              41.1793768
            ],
            [
              -74.5069001,
              41.1794674
            ],
            [
              -74.5069891,
              41.1794989
            ],
            [
              -74.5070769,
              41.1795604
            ],
            [
              -74.5071622,
              41.1795807
            ],
            [
              -74.5072945,
              41.1796555
            ],
            [
              -74.5075397,
              41.1796851
            ],
            [
              -74.507743,
              41.1796754
            ],
            [
              -74.5078877,
              41.1797227
            ],
            [
              -74.5079881,
              41.1797817
            ],
            [
              -74.5081629,
              41.1799817
            ],
            [
              -74.5083927,
              41.1802178
            ],
            [
              -74.5084817,
              41.1802895
            ],
            [
              -74.5084931,
              41.1803875
            ],
            [
              -74.5084886,
              41.1804831
            ],
            [
              -74.508547,
              41.1805896
            ],
            [
              -74.5085365,
              41.1806696
            ],
            [
              -74.508526,
              41.180737
            ],
            [
              -74.5083595,
              41.1809221
            ],
            [
              -74.5083385,
              41.1810134
            ],
            [
              -74.5083075,
              41.1811216
            ],
            [
              -74.5083871,
              41.1812571
            ],
            [
              -74.5083862,
              41.1813335
            ],
            [
              -74.508327,
              41.1814874
            ],
            [
              -74.508183,
              41.1816309
            ],
            [
              -74.5080818,
              41.1817211
            ],
            [
              -74.5079581,
              41.1817703
            ],
            [
              -74.5078518,
              41.1818181
            ],
            [
              -74.5078089,
              41.18188
            ],
            [
              -74.5078063,
              41.1819315
            ],
            [
              -74.5078449,
              41.1819698
            ],
            [
              -74.5079428,
              41.1819962
            ],
            [
              -74.5080312,
              41.1820409
            ],
            [
              -74.5080293,
              41.1820882
            ],
            [
              -74.5080873,
              41.1821852
            ],
            [
              -74.5081308,
              41.18221
            ],
            [
              -74.5081624,
              41.1822578
            ],
            [
              -74.5081416,
              41.1823129
            ],
            [
              -74.5079188,
              41.1824871
            ],
            [
              -74.5077307,
              41.1826921
            ],
            [
              -74.5077201,
              41.1827688
            ],
            [
              -74.5077183,
              41.1828405
            ],
            [
              -74.5076819,
              41.1829491
            ],
            [
              -74.5075549,
              41.1830363
            ],
            [
              -74.5072648,
              41.1831559
            ],
            [
              -74.507146,
              41.1832957
            ],
            [
              -74.5070634,
              41.1833621
            ],
            [
              -74.5068105,
              41.1835296
            ],
            [
              -74.5067207,
              41.1835786
            ],
            [
              -74.5065108,
              41.1836554
            ],
            [
              -74.5064052,
              41.1836938
            ],
            [
              -74.5062997,
              41.1837051
            ],
            [
              -74.5061792,
              41.1837151
            ],
            [
              -74.5060455,
              41.1837276
            ],
            [
              -74.5059907,
              41.1837442
            ],
            [
              -74.5056935,
              41.1838716
            ],
            [
              -74.5055306,
              41.1839374
            ],
            [
              -74.5054552,
              41.1839549
            ],
            [
              -74.5052782,
              41.1839937
            ],
            [
              -74.5051748,
              41.1840061
            ],
            [
              -74.5051028,
              41.1839949
            ],
            [
              -74.5049946,
              41.1839566
            ],
            [
              -74.5048382,
              41.1839233
            ]
          ]
        ]
      }
    },
    {
      "type": "Feature",
      "properties": {
        "name": "Bleuphoria",
        "ridepalUrl": "https://www.ridepal.app/trails/us/new-jersey/vernon/bleuphoria",
        "slug": "bleuphoria",
        "difficultyLabel": "Blue Square",
        "difficulty": "blue",
        "distanceMiles": 0.643740555157878,
        "isLoop": false,
        "source": "admin"
      },
      "geometry": {
        "type": "MultiLineString",
        "coordinates": [
          [
            [
              -74.4967243,
              41.1873022
            ],
            [
              -74.4960847,
              41.1873283
            ],
            [
              -74.4956383,
              41.1873687
            ],
            [
              -74.4955462,
              41.1873101
            ],
            [
              -74.4953551,
              41.1873394
            ],
            [
              -74.4950755,
              41.1871663
            ],
            [
              -74.494619,
              41.1869612
            ],
            [
              -74.4944951,
              41.1867535
            ],
            [
              -74.4944951,
              41.1866229
            ],
            [
              -74.4946862,
              41.186535
            ],
            [
              -74.4947959,
              41.1865537
            ],
            [
              -74.4951853,
              41.1866789
            ],
            [
              -74.4952631,
              41.1866283
            ],
            [
              -74.494999,
              41.1861763
            ],
            [
              -74.4950993,
              41.1859686
            ],
            [
              -74.4950627,
              41.1858523
            ],
            [
              -74.4951481,
              41.1855831
            ],
            [
              -74.4953473,
              41.1853658
            ],
            [
              -74.4954101,
              41.1850184
            ],
            [
              -74.4953592,
              41.1847822
            ],
            [
              -74.4952492,
              41.1846833
            ],
            [
              -74.495268,
              41.1845299
            ],
            [
              -74.4954617,
              41.1843926
            ],
            [
              -74.4957003,
              41.1843726
            ],
            [
              -74.4959212,
              41.1844043
            ],
            [
              -74.496081,
              41.184295
            ],
            [
              -74.4960839,
              41.1841939
            ],
            [
              -74.4961685,
              41.1840854
            ],
            [
              -74.4963094,
              41.1839778
            ],
            [
              -74.4962998,
              41.1837826
            ],
            [
              -74.4963812,
              41.1836595
            ],
            [
              -74.4965921,
              41.1836106
            ],
            [
              -74.4966801,
              41.1836044
            ],
            [
              -74.4967923,
              41.1835967
            ],
            [
              -74.4972083,
              41.1834784
            ],
            [
              -74.4972847,
              41.1834418
            ],
            [
              -74.4973143,
              41.1833858
            ],
            [
              -74.4972606,
              41.1833022
            ],
            [
              -74.4972391,
              41.1831422
            ],
            [
              -74.4974763,
              41.1829497
            ],
            [
              -74.4977876,
              41.1826588
            ],
            [
              -74.4983446,
              41.1826284
            ],
            [
              -74.49855,
              41.1824907
            ],
            [
              -74.4989054,
              41.1821737
            ],
            [
              -74.4989948,
              41.182115
            ],
            [
              -74.4991069,
              41.1820668
            ]
          ]
        ]
      }
    },
    {
      "type": "Feature",
      "properties": {
        "name": "Breakout",
        "ridepalUrl": "https://www.ridepal.app/trails/us/new-jersey/vernon/breakout-c9hhsl",
        "slug": "breakout-c9hhsl",
        "difficultyLabel": "Blue Square",
        "difficulty": "blue",
        "distanceMiles": 0.5704187544738726,
        "isLoop": false,
        "source": "admin"
      },
      "geometry": {
        "type": "MultiLineString",
        "coordinates": [
          [
            [
              -74.5035417,
              41.1803777
            ],
            [
              -74.503809,
              41.1803201
            ],
            [
              -74.5039585,
              41.1802938
            ],
            [
              -74.5040812,
              41.180306
            ],
            [
              -74.5042498,
              41.1802848
            ],
            [
              -74.5044416,
              41.180261
            ],
            [
              -74.5046704,
              41.180211
            ],
            [
              -74.504755,
              41.1801758
            ],
            [
              -74.5048638,
              41.1801244
            ],
            [
              -74.5049977,
              41.1801155
            ],
            [
              -74.5051163,
              41.1801517
            ],
            [
              -74.505239,
              41.1802106
            ],
            [
              -74.5053738,
              41.1803073
            ],
            [
              -74.5055085,
              41.1803649
            ],
            [
              -74.5059091,
              41.1805417
            ],
            [
              -74.5062267,
              41.1807736
            ],
            [
              -74.5062891,
              41.1807918
            ],
            [
              -74.5063506,
              41.1807892
            ],
            [
              -74.5065217,
              41.1807292
            ],
            [
              -74.5067025,
              41.1807114
            ],
            [
              -74.5068224,
              41.1807381
            ],
            [
              -74.5068972,
              41.1807834
            ],
            [
              -74.5069135,
              41.1808104
            ],
            [
              -74.5069286,
              41.1808826
            ],
            [
              -74.5069535,
              41.1809325
            ],
            [
              -74.5070332,
              41.1810072
            ],
            [
              -74.5070771,
              41.1810712
            ],
            [
              -74.5071275,
              41.1811605
            ],
            [
              -74.5071538,
              41.1812249
            ],
            [
              -74.5071544,
              41.1813318
            ],
            [
              -74.5071691,
              41.1814121
            ],
            [
              -74.5071747,
              41.1814428
            ],
            [
              -74.5072093,
              41.1814932
            ],
            [
              -74.5072535,
              41.1815575
            ],
            [
              -74.507339,
              41.1816742
            ],
            [
              -74.507323,
              41.1817313
            ],
            [
              -74.5072962,
              41.1818788
            ],
            [
              -74.5072988,
              41.181973
            ],
            [
              -74.5072926,
              41.182029
            ],
            [
              -74.5072667,
              41.1820687
            ],
            [
              -74.5071991,
              41.1820896
            ],
            [
              -74.5071569,
              41.1821082
            ],
            [
              -74.5071325,
              41.1821334
            ],
            [
              -74.5071156,
              41.1822002
            ],
            [
              -74.5070773,
              41.1822481
            ],
            [
              -74.5069787,
              41.1822742
            ],
            [
              -74.506933,
              41.1822765
            ],
            [
              -74.5068855,
              41.1823098
            ],
            [
              -74.5068463,
              41.1823642
            ],
            [
              -74.5067666,
              41.1824342
            ],
            [
              -74.5067455,
              41.1824666
            ],
            [
              -74.5067001,
              41.1825321
            ],
            [
              -74.5067148,
              41.1826025
            ],
            [
              -74.5066991,
              41.1826699
            ],
            [
              -74.5066457,
              41.182705
            ],
            [
              -74.5061537,
              41.1827931
            ],
            [
              -74.5059017,
              41.1828411
            ],
            [
              -74.505736,
              41.1828672
            ],
            [
              -74.5056756,
              41.1828914
            ],
            [
              -74.5056438,
              41.1829143
            ],
            [
              -74.5056137,
              41.1829981
            ],
            [
              -74.5055712,
              41.1830387
            ],
            [
              -74.5055218,
              41.1830657
            ],
            [
              -74.5054551,
              41.1830915
            ],
            [
              -74.5053609,
              41.1832514
            ],
            [
              -74.5052982,
              41.1833212
            ],
            [
              -74.5051974,
              41.18337
            ],
            [
              -74.5051198,
              41.1833967
            ],
            [
              -74.5050795,
              41.1834111
            ],
            [
              -74.5050145,
              41.1834356
            ],
            [
              -74.5048354,
              41.1835916
            ],
            [
              -74.5047521,
              41.1836382
            ],
            [
              -74.5046619,
              41.1836568
            ],
            [
              -74.5044309,
              41.1836751
            ],
            [
              -74.504304,
              41.1837252
            ],
            [
              -74.5042739,
              41.1837807
            ],
            [
              -74.5042312,
              41.1838158
            ],
            [
              -74.5041209,
              41.1838414
            ],
            [
              -74.5040358,
              41.183868
            ],
            [
              -74.5039421,
              41.1839166
            ],
            [
              -74.503906,
              41.1839523
            ],
            [
              -74.5039168,
              41.183986
            ],
            [
              -74.5040108,
              41.1840381
            ],
            [
              -74.5041135,
              41.1840404
            ],
            [
              -74.5041867,
              41.1840649
            ],
            [
              -74.504236,
              41.1841149
            ],
            [
              -74.5042346,
              41.1841587
            ],
            [
              -74.504211,
              41.1842515
            ],
            [
              -74.5042114,
              41.1844088
            ]
          ]
        ]
      }
    },
    {
      "type": "Feature",
      "properties": {
        "name": "Domboo",
        "ridepalUrl": "https://www.ridepal.app/trails/us/new-jersey/vernon/domboo-ucog9z",
        "slug": "domboo-ucog9z",
        "difficultyLabel": "Blue Square",
        "difficulty": "blue",
        "distanceMiles": 0.5480493915533285,
        "isLoop": false,
        "source": "admin"
      },
      "geometry": {
        "type": "MultiLineString",
        "coordinates": [
          [
            [
              -74.5042114,
              41.1844088
            ],
            [
              -74.5042546,
              41.1844778
            ],
            [
              -74.504295,
              41.1845462
            ],
            [
              -74.5043085,
              41.1845895
            ],
            [
              -74.504353,
              41.1846275
            ],
            [
              -74.5044475,
              41.1846517
            ],
            [
              -74.504522,
              41.1846619
            ],
            [
              -74.5045979,
              41.1846594
            ],
            [
              -74.5046975,
              41.1847038
            ],
            [
              -74.5047169,
              41.1847591
            ],
            [
              -74.5046921,
              41.1847844
            ],
            [
              -74.5046631,
              41.1848045
            ],
            [
              -74.5046163,
              41.1848251
            ],
            [
              -74.5046047,
              41.1848566
            ],
            [
              -74.5046044,
              41.1848924
            ],
            [
              -74.5046157,
              41.1849227
            ],
            [
              -74.5046024,
              41.184959
            ],
            [
              -74.5045801,
              41.1849807
            ],
            [
              -74.5045424,
              41.1850124
            ],
            [
              -74.5044598,
              41.1850578
            ],
            [
              -74.5044027,
              41.185082
            ],
            [
              -74.5043896,
              41.1851126
            ],
            [
              -74.504411,
              41.1851399
            ],
            [
              -74.5044621,
              41.1851526
            ],
            [
              -74.5045117,
              41.1851558
            ],
            [
              -74.5045684,
              41.1851933
            ],
            [
              -74.5046133,
              41.1852028
            ],
            [
              -74.5046466,
              41.1851933
            ],
            [
              -74.5046853,
              41.1851933
            ],
            [
              -74.5047444,
              41.1852115
            ],
            [
              -74.5047964,
              41.1852148
            ],
            [
              -74.5048428,
              41.1851961
            ],
            [
              -74.5048759,
              41.1851838
            ],
            [
              -74.504909,
              41.185181
            ],
            [
              -74.5049409,
              41.1851959
            ],
            [
              -74.5049587,
              41.185214
            ],
            [
              -74.5049451,
              41.1852449
            ],
            [
              -74.5049,
              41.1852821
            ],
            [
              -74.5048499,
              41.1853187
            ],
            [
              -74.5048465,
              41.1853459
            ],
            [
              -74.5048628,
              41.1853658
            ],
            [
              -74.5049152,
              41.1853673
            ],
            [
              -74.5049577,
              41.1853815
            ],
            [
              -74.50498,
              41.1854319
            ],
            [
              -74.5049671,
              41.1854547
            ],
            [
              -74.5049185,
              41.1854683
            ],
            [
              -74.5048868,
              41.1854829
            ],
            [
              -74.5048472,
              41.1854996
            ],
            [
              -74.504844,
              41.1855447
            ],
            [
              -74.5048534,
              41.1855855
            ],
            [
              -74.5048188,
              41.1856109
            ],
            [
              -74.5047786,
              41.1856172
            ],
            [
              -74.5047479,
              41.1856406
            ],
            [
              -74.5047407,
              41.1856914
            ],
            [
              -74.5047247,
              41.1857156
            ],
            [
              -74.5046849,
              41.1857521
            ],
            [
              -74.5046263,
              41.1857745
            ],
            [
              -74.5046269,
              41.1858173
            ],
            [
              -74.504665,
              41.185848
            ],
            [
              -74.5049089,
              41.1858022
            ],
            [
              -74.5049738,
              41.1858107
            ],
            [
              -74.505027,
              41.1858551
            ],
            [
              -74.5049915,
              41.1859084
            ],
            [
              -74.5049211,
              41.1859475
            ],
            [
              -74.5049495,
              41.1860102
            ],
            [
              -74.5050309,
              41.1860469
            ],
            [
              -74.5051958,
              41.1860698
            ],
            [
              -74.505266,
              41.1860919
            ],
            [
              -74.505413,
              41.1861699
            ],
            [
              -74.5055686,
              41.1861946
            ],
            [
              -74.5058181,
              41.1861729
            ],
            [
              -74.5059449,
              41.1862123
            ],
            [
              -74.5060418,
              41.186233
            ],
            [
              -74.5060905,
              41.1862821
            ],
            [
              -74.5060646,
              41.1863282
            ],
            [
              -74.5060548,
              41.1863865
            ],
            [
              -74.5060384,
              41.1864734
            ],
            [
              -74.5059889,
              41.1865339
            ],
            [
              -74.505944,
              41.1866076
            ],
            [
              -74.5058403,
              41.1867364
            ],
            [
              -74.5056555,
              41.1869007
            ],
            [
              -74.5055009,
              41.1870534
            ],
            [
              -74.5053987,
              41.187161
            ],
            [
              -74.5053121,
              41.1872209
            ],
            [
              -74.5052738,
              41.1872525
            ],
            [
              -74.5052461,
              41.1872888
            ],
            [
              -74.5052537,
              41.1873339
            ],
            [
              -74.5052946,
              41.1873829
            ],
            [
              -74.5053659,
              41.1874134
            ],
            [
              -74.505556,
              41.1874634
            ],
            [
              -74.5056388,
              41.1875353
            ],
            [
              -74.5056341,
              41.1875886
            ],
            [
              -74.5055947,
              41.1876373
            ],
            [
              -74.5054887,
              41.1876912
            ],
            [
              -74.5053293,
              41.1877283
            ],
            [
              -74.5052349,
              41.1878233
            ],
            [
              -74.5052477,
              41.1879739
            ],
            [
              -74.5053577,
              41.1880608
            ],
            [
              -74.5054232,
              41.1882307
            ],
            [
              -74.5053968,
              41.1883368
            ],
            [
              -74.5053638,
              41.1884236
            ],
            [
              -74.5053131,
              41.1886235
            ],
            [
              -74.5051563,
              41.1888283
            ],
            [
              -74.505092,
              41.1888983
            ],
            [
              -74.5050008,
              41.1890116
            ],
            [
              -74.5049459,
              41.1891319
            ],
            [
              -74.5049232,
              41.1892523
            ],
            [
              -74.504894,
              41.1893501
            ],
            [
              -74.5048859,
              41.1894026
            ],
            [
              -74.5049272,
              41.1894428
            ],
            [
              -74.5050591,
              41.189431
            ],
            [
              -74.5052291,
              41.1893658
            ]
          ]
        ]
      }
    },
    {
      "type": "Feature",
      "properties": {
        "name": "Lower DMLH",
        "ridepalUrl": "https://www.ridepal.app/trails/us/new-jersey/vernon/lower-dmlh-33shl4",
        "slug": "lower-dmlh-33shl4",
        "difficultyLabel": "Blue Square",
        "difficulty": "blue",
        "distanceMiles": 0.4902618706752565,
        "isLoop": false,
        "source": "admin"
      },
      "geometry": {
        "type": "MultiLineString",
        "coordinates": [
          [
            [
              -74.5043441,
              41.1899062
            ],
            [
              -74.5040982,
              41.1899597
            ],
            [
              -74.5039271,
              41.1899637
            ],
            [
              -74.5035033,
              41.1899112
            ],
            [
              -74.5032941,
              41.1898385
            ],
            [
              -74.5031278,
              41.1897376
            ],
            [
              -74.5028435,
              41.1894994
            ],
            [
              -74.5025833,
              41.1892956
            ],
            [
              -74.5024197,
              41.1892128
            ],
            [
              -74.5023338,
              41.1891341
            ],
            [
              -74.5023204,
              41.1890332
            ],
            [
              -74.5023821,
              41.188908
            ],
            [
              -74.5023426,
              41.1888128
            ],
            [
              -74.5020646,
              41.1886084
            ],
            [
              -74.5020039,
              41.188456
            ],
            [
              -74.501758,
              41.188363
            ],
            [
              -74.5014878,
              41.1883802
            ],
            [
              -74.5010569,
              41.1880047
            ],
            [
              -74.500626,
              41.1876377
            ],
            [
              -74.5001383,
              41.1874073
            ],
            [
              -74.4997347,
              41.1872898
            ],
            [
              -74.4992945,
              41.187316
            ],
            [
              -74.498958,
              41.1874032
            ],
            [
              -74.4985544,
              41.187423
            ],
            [
              -74.4977045,
              41.1874597
            ],
            [
              -74.4972124,
              41.1874244
            ],
            [
              -74.4969196,
              41.1873739
            ],
            [
              -74.4967243,
              41.1873022
            ]
          ]
        ]
      }
    },
    {
      "type": "Feature",
      "properties": {
        "name": "Legion",
        "ridepalUrl": "https://www.ridepal.app/trails/us/new-jersey/vernon/legion-6v9bsm",
        "slug": "legion-6v9bsm",
        "difficultyLabel": "Black Diamond",
        "difficulty": "black",
        "distanceMiles": 0.45857193987115247,
        "isLoop": false,
        "source": "admin"
      },
      "geometry": {
        "type": "MultiLineString",
        "coordinates": [
          [
            [
              -74.5004592,
              41.1870275
            ],
            [
              -74.5003845,
              41.1869578
            ],
            [
              -74.5003005,
              41.1869222
            ],
            [
              -74.5001909,
              41.186831
            ],
            [
              -74.5000392,
              41.1867581
            ],
            [
              -74.4999462,
              41.1867428
            ],
            [
              -74.4998142,
              41.1867058
            ],
            [
              -74.4997781,
              41.1866913
            ],
            [
              -74.4997643,
              41.1866484
            ],
            [
              -74.499768,
              41.1866071
            ],
            [
              -74.4997489,
              41.1865665
            ],
            [
              -74.499697,
              41.1865601
            ],
            [
              -74.4996781,
              41.1865228
            ],
            [
              -74.4996615,
              41.1864541
            ],
            [
              -74.4996392,
              41.186424
            ],
            [
              -74.4995868,
              41.1863806
            ],
            [
              -74.4995077,
              41.1863901
            ],
            [
              -74.4994575,
              41.1863535
            ],
            [
              -74.4994821,
              41.1862759
            ],
            [
              -74.4994774,
              41.186217
            ],
            [
              -74.4993344,
              41.1862265
            ],
            [
              -74.4991677,
              41.1862017
            ],
            [
              -74.4989701,
              41.1862084
            ],
            [
              -74.4988107,
              41.1861965
            ],
            [
              -74.4985673,
              41.1861239
            ],
            [
              -74.4985198,
              41.1860639
            ],
            [
              -74.4985957,
              41.1859989
            ],
            [
              -74.4986823,
              41.1859009
            ],
            [
              -74.4988339,
              41.1857958
            ],
            [
              -74.4988766,
              41.1856317
            ],
            [
              -74.4989198,
              41.1854635
            ],
            [
              -74.4989751,
              41.1853693
            ],
            [
              -74.4989388,
              41.1852968
            ],
            [
              -74.4988333,
              41.1852201
            ],
            [
              -74.4987334,
              41.1849837
            ],
            [
              -74.4987262,
              41.1848475
            ],
            [
              -74.4986992,
              41.1847897
            ],
            [
              -74.4986933,
              41.1847226
            ],
            [
              -74.4988286,
              41.1845817
            ],
            [
              -74.4988395,
              41.1844013
            ],
            [
              -74.4987253,
              41.1842671
            ],
            [
              -74.4987122,
              41.1840666
            ],
            [
              -74.498771,
              41.1839593
            ],
            [
              -74.4987513,
              41.1838706
            ],
            [
              -74.4987212,
              41.1838476
            ],
            [
              -74.4987157,
              41.1837844
            ],
            [
              -74.4987987,
              41.1836774
            ],
            [
              -74.4988835,
              41.1834908
            ],
            [
              -74.4990406,
              41.1832892
            ],
            [
              -74.4991764,
              41.1832107
            ],
            [
              -74.4993375,
              41.1830676
            ],
            [
              -74.499536,
              41.1828058
            ],
            [
              -74.4995028,
              41.1827541
            ],
            [
              -74.4994317,
              41.1827044
            ],
            [
              -74.4994514,
              41.1825293
            ],
            [
              -74.4994609,
              41.1824301
            ],
            [
              -74.4993658,
              41.1823789
            ],
            [
              -74.4991721,
              41.182314
            ],
            [
              -74.4991333,
              41.1822804
            ],
            [
              -74.4990906,
              41.1822002
            ],
            [
              -74.4990744,
              41.1821515
            ],
            [
              -74.4990713,
              41.1821191
            ],
            [
              -74.4991069,
              41.1820668
            ]
          ]
        ]
      }
    },
    {
      "type": "Feature",
      "properties": {
        "name": "Ego Trip",
        "ridepalUrl": "https://www.ridepal.app/trails/us/new-jersey/vernon/ego-trip-8qly3y",
        "slug": "ego-trip-8qly3y",
        "difficultyLabel": "Green Circle",
        "difficulty": "green",
        "distanceMiles": 0.45546508390996576,
        "isLoop": false,
        "source": "admin"
      },
      "geometry": {
        "type": "MultiLineString",
        "coordinates": [
          [
            [
              -74.5047085,
              41.1798163
            ],
            [
              -74.5048316,
              41.1797544
            ],
            [
              -74.5049242,
              41.1797302
            ],
            [
              -74.5051095,
              41.1796618
            ],
            [
              -74.50524,
              41.1796571
            ],
            [
              -74.5052929,
              41.1796253
            ],
            [
              -74.5053447,
              41.179592
            ],
            [
              -74.5054513,
              41.1796142
            ],
            [
              -74.5055863,
              41.1796751
            ],
            [
              -74.5057989,
              41.179763
            ],
            [
              -74.5059405,
              41.1798
            ],
            [
              -74.5059986,
              41.179786
            ],
            [
              -74.5060644,
              41.1797367
            ],
            [
              -74.5061046,
              41.1796991
            ],
            [
              -74.5061667,
              41.1796329
            ],
            [
              -74.5062606,
              41.1795844
            ],
            [
              -74.5065052,
              41.1793426
            ],
            [
              -74.5065787,
              41.1793014
            ],
            [
              -74.5067374,
              41.1791976
            ],
            [
              -74.5069318,
              41.1791482
            ],
            [
              -74.5071992,
              41.1790422
            ],
            [
              -74.5072692,
              41.1790074
            ],
            [
              -74.5074479,
              41.1789461
            ],
            [
              -74.5075629,
              41.1789671
            ],
            [
              -74.5075764,
              41.1790138
            ],
            [
              -74.5075179,
              41.179104
            ],
            [
              -74.50748,
              41.1792211
            ],
            [
              -74.5074172,
              41.1793041
            ],
            [
              -74.5074173,
              41.1793483
            ],
            [
              -74.5074654,
              41.1793771
            ],
            [
              -74.5075979,
              41.1794135
            ],
            [
              -74.5077363,
              41.1794362
            ],
            [
              -74.5080106,
              41.1795162
            ],
            [
              -74.5082106,
              41.1796214
            ],
            [
              -74.5083502,
              41.1797834
            ],
            [
              -74.5084966,
              41.1798767
            ],
            [
              -74.5086911,
              41.1799298
            ],
            [
              -74.5087669,
              41.1799456
            ],
            [
              -74.5090251,
              41.1799976
            ],
            [
              -74.5092091,
              41.1800802
            ],
            [
              -74.5093189,
              41.1801107
            ],
            [
              -74.5093924,
              41.180158
            ],
            [
              -74.5094261,
              41.180227
            ],
            [
              -74.5093925,
              41.1804428
            ],
            [
              -74.5093036,
              41.1806065
            ],
            [
              -74.5092284,
              41.1807648
            ],
            [
              -74.5091921,
              41.1808485
            ],
            [
              -74.5091735,
              41.1809339
            ],
            [
              -74.5091653,
              41.1810073
            ],
            [
              -74.5090872,
              41.1811804
            ],
            [
              -74.5090466,
              41.1812469
            ],
            [
              -74.5089336,
              41.1813868
            ],
            [
              -74.5086633,
              41.1815566
            ],
            [
              -74.5083509,
              41.1817233
            ]
          ]
        ]
      }
    },
    {
      "type": "Feature",
      "properties": {
        "name": "Crap Chute",
        "ridepalUrl": "https://www.ridepal.app/trails/us/new-jersey/vernon/crap-chute-c4f33b",
        "slug": "crap-chute-c4f33b",
        "difficultyLabel": "Black Diamond",
        "difficulty": "black",
        "distanceMiles": 0.4318529786049471,
        "isLoop": false,
        "source": "admin"
      },
      "geometry": {
        "type": "MultiLineString",
        "coordinates": [
          [
            [
              -74.5045914,
              41.1877346
            ],
            [
              -74.5045321,
              41.1877028
            ],
            [
              -74.5044443,
              41.1876968
            ],
            [
              -74.5043554,
              41.1877553
            ],
            [
              -74.5042594,
              41.1877811
            ],
            [
              -74.5041493,
              41.1877928
            ],
            [
              -74.5040094,
              41.1877574
            ],
            [
              -74.5039425,
              41.1877054
            ],
            [
              -74.5038991,
              41.1876357
            ],
            [
              -74.5038444,
              41.1875556
            ],
            [
              -74.5037639,
              41.1875251
            ],
            [
              -74.5036896,
              41.1875133
            ],
            [
              -74.5035564,
              41.1875244
            ],
            [
              -74.5034182,
              41.1875858
            ],
            [
              -74.5033144,
              41.1875725
            ],
            [
              -74.5030955,
              41.1874054
            ],
            [
              -74.5029108,
              41.1873461
            ],
            [
              -74.5028815,
              41.1872935
            ],
            [
              -74.5028971,
              41.1872544
            ],
            [
              -74.5029359,
              41.1872356
            ],
            [
              -74.5031295,
              41.1872197
            ],
            [
              -74.5032842,
              41.187162
            ],
            [
              -74.5033449,
              41.1871136
            ],
            [
              -74.50338,
              41.1870716
            ],
            [
              -74.5033705,
              41.1870253
            ],
            [
              -74.5032444,
              41.1869787
            ],
            [
              -74.5030975,
              41.1869822
            ],
            [
              -74.5029814,
              41.186988
            ],
            [
              -74.502896,
              41.1869742
            ],
            [
              -74.5028703,
              41.1869244
            ],
            [
              -74.5029144,
              41.1868671
            ],
            [
              -74.5029678,
              41.1868596
            ],
            [
              -74.503086,
              41.1868041
            ],
            [
              -74.5032242,
              41.1866971
            ],
            [
              -74.5032757,
              41.1866235
            ],
            [
              -74.5032657,
              41.1865187
            ],
            [
              -74.503225,
              41.1864736
            ],
            [
              -74.5031297,
              41.1863977
            ],
            [
              -74.5029703,
              41.1863352
            ],
            [
              -74.5028986,
              41.1863237
            ],
            [
              -74.5025148,
              41.1862568
            ],
            [
              -74.5024751,
              41.1862217
            ],
            [
              -74.5025101,
              41.1860495
            ],
            [
              -74.5026829,
              41.1858579
            ],
            [
              -74.5027792,
              41.1857481
            ],
            [
              -74.5028581,
              41.1855609
            ],
            [
              -74.5028744,
              41.1854081
            ],
            [
              -74.5029655,
              41.1851445
            ],
            [
              -74.5030561,
              41.1849633
            ],
            [
              -74.503178,
              41.184786
            ],
            [
              -74.5035899,
              41.1845972
            ],
            [
              -74.5038551,
              41.1845874
            ],
            [
              -74.5039752,
              41.1845911
            ],
            [
              -74.5040663,
              41.1845715
            ],
            [
              -74.5041124,
              41.1845237
            ],
            [
              -74.5042114,
              41.1844088
            ]
          ]
        ]
      }
    },
    {
      "type": "Feature",
      "properties": {
        "name": "Salvation",
        "ridepalUrl": "https://www.ridepal.app/trails/us/new-jersey/vernon/salvation-u41zh8",
        "slug": "salvation-u41zh8",
        "difficultyLabel": "Black Diamond",
        "difficulty": "black",
        "distanceMiles": 0.41010498687664043,
        "isLoop": false,
        "source": "admin"
      },
      "geometry": {
        "type": "MultiLineString",
        "coordinates": [
          [
            [
              -74.5039421,
              41.1839166
            ],
            [
              -74.5040747,
              41.1839329
            ],
            [
              -74.5041359,
              41.1839373
            ],
            [
              -74.5042283,
              41.1839405
            ],
            [
              -74.5044142,
              41.1839281
            ],
            [
              -74.5047036,
              41.1840174
            ],
            [
              -74.5047547,
              41.184041
            ],
            [
              -74.5048819,
              41.1841274
            ],
            [
              -74.5049954,
              41.1841534
            ],
            [
              -74.5051604,
              41.184158
            ],
            [
              -74.5056076,
              41.1841656
            ],
            [
              -74.5058068,
              41.1840876
            ],
            [
              -74.5061109,
              41.1840763
            ],
            [
              -74.5066748,
              41.1838444
            ],
            [
              -74.5067743,
              41.1837878
            ],
            [
              -74.5068737,
              41.1837088
            ],
            [
              -74.5069567,
              41.1836471
            ],
            [
              -74.5070453,
              41.1835658
            ],
            [
              -74.5070795,
              41.1835134
            ],
            [
              -74.5071964,
              41.1834765
            ],
            [
              -74.5072524,
              41.1834557
            ],
            [
              -74.507263,
              41.1833904
            ],
            [
              -74.507278,
              41.1833407
            ],
            [
              -74.507343,
              41.1833052
            ],
            [
              -74.5073958,
              41.1832561
            ],
            [
              -74.5074217,
              41.1832087
            ],
            [
              -74.5075952,
              41.1831687
            ],
            [
              -74.5076519,
              41.1831418
            ],
            [
              -74.5077728,
              41.1830748
            ],
            [
              -74.507834,
              41.1830216
            ],
            [
              -74.5078777,
              41.1829773
            ],
            [
              -74.5079435,
              41.1828735
            ],
            [
              -74.5080754,
              41.1827688
            ],
            [
              -74.5082886,
              41.1826052
            ],
            [
              -74.508502,
              41.1824056
            ],
            [
              -74.5085287,
              41.1823371
            ],
            [
              -74.5085357,
              41.1822716
            ],
            [
              -74.5085348,
              41.1822077
            ],
            [
              -74.5085033,
              41.1821724
            ],
            [
              -74.5084222,
              41.1821221
            ],
            [
              -74.5083225,
              41.182124
            ],
            [
              -74.5082135,
              41.1821627
            ],
            [
              -74.5081101,
              41.1821553
            ],
            [
              -74.5077923,
              41.1821098
            ],
            [
              -74.507447,
              41.1820001
            ],
            [
              -74.5073789,
              41.1819668
            ],
            [
              -74.5073568,
              41.1819035
            ],
            [
              -74.5075421,
              41.1814769
            ]
          ]
        ]
      }
    },
    {
      "type": "Feature",
      "properties": {
        "name": "Outlaw",
        "ridepalUrl": "https://www.ridepal.app/trails/us/new-jersey/vernon/outlaw-3l9qj3",
        "slug": "outlaw-3l9qj3",
        "difficultyLabel": "Blue Square",
        "difficulty": "blue",
        "distanceMiles": 0.3989203054163684,
        "isLoop": false,
        "source": "admin"
      },
      "geometry": {
        "type": "MultiLineString",
        "coordinates": [
          [
            [
              -74.5035417,
              41.1803777
            ],
            [
              -74.5036741,
              41.1802266
            ],
            [
              -74.5037473,
              41.180093
            ],
            [
              -74.5037443,
              41.1799929
            ],
            [
              -74.5036815,
              41.1798932
            ],
            [
              -74.50371,
              41.1798454
            ],
            [
              -74.5038525,
              41.1797987
            ],
            [
              -74.5039653,
              41.1797231
            ],
            [
              -74.5039715,
              41.1796678
            ],
            [
              -74.5039876,
              41.1796222
            ],
            [
              -74.504065,
              41.1795799
            ],
            [
              -74.5044276,
              41.1795788
            ],
            [
              -74.5045391,
              41.1794826
            ],
            [
              -74.5047198,
              41.1795005
            ],
            [
              -74.5047907,
              41.1794823
            ],
            [
              -74.5048255,
              41.1794373
            ],
            [
              -74.5048189,
              41.1793817
            ],
            [
              -74.5047698,
              41.1793586
            ],
            [
              -74.5044899,
              41.1793123
            ],
            [
              -74.5042174,
              41.1793253
            ],
            [
              -74.5040611,
              41.1793576
            ],
            [
              -74.503872,
              41.1793695
            ],
            [
              -74.5036803,
              41.1793916
            ],
            [
              -74.5035579,
              41.1793871
            ],
            [
              -74.5034558,
              41.1794157
            ],
            [
              -74.5032854,
              41.1794484
            ],
            [
              -74.5030419,
              41.1794473
            ],
            [
              -74.5029746,
              41.1794485
            ],
            [
              -74.502789,
              41.1794894
            ],
            [
              -74.5027139,
              41.1795204
            ],
            [
              -74.5026028,
              41.1795459
            ],
            [
              -74.5024201,
              41.1795451
            ],
            [
              -74.5022346,
              41.1796726
            ],
            [
              -74.5021382,
              41.1797147
            ],
            [
              -74.5018923,
              41.1798407
            ],
            [
              -74.5018111,
              41.1798867
            ],
            [
              -74.5016158,
              41.1799682
            ],
            [
              -74.5014026,
              41.180144
            ],
            [
              -74.501304,
              41.1802089
            ],
            [
              -74.5009962,
              41.1806602
            ],
            [
              -74.5009061,
              41.1808321
            ],
            [
              -74.5008026,
              41.180999
            ],
            [
              -74.5006793,
              41.1811023
            ],
            [
              -74.5005444,
              41.1811773
            ]
          ]
        ]
      }
    },
    {
      "type": "Feature",
      "properties": {
        "name": "Alpine",
        "ridepalUrl": "https://www.ridepal.app/trails/us/new-jersey/vernon/alpine-pnlwlu",
        "slug": "alpine-pnlwlu",
        "difficultyLabel": "Blue Square",
        "difficulty": "blue",
        "distanceMiles": 0.35542432195975504,
        "isLoop": false,
        "source": "admin"
      },
      "geometry": {
        "type": "MultiLineString",
        "coordinates": [
          [
            [
              -74.5042114,
              41.1844088
            ],
            [
              -74.5041977,
              41.1844691
            ],
            [
              -74.5042148,
              41.1845223
            ],
            [
              -74.5042462,
              41.184596
            ],
            [
              -74.504225,
              41.1846443
            ],
            [
              -74.5041972,
              41.1846795
            ],
            [
              -74.5041743,
              41.1847003
            ],
            [
              -74.5041702,
              41.1847228
            ],
            [
              -74.5041729,
              41.1847497
            ],
            [
              -74.5041936,
              41.1847553
            ],
            [
              -74.5042355,
              41.1847586
            ],
            [
              -74.5043005,
              41.184758
            ],
            [
              -74.5043793,
              41.1847617
            ],
            [
              -74.5044232,
              41.1847751
            ],
            [
              -74.50445,
              41.1847974
            ],
            [
              -74.5044607,
              41.1848221
            ],
            [
              -74.5044129,
              41.1848875
            ],
            [
              -74.5043229,
              41.1850233
            ],
            [
              -74.5042572,
              41.1850522
            ],
            [
              -74.504218,
              41.1850564
            ],
            [
              -74.5041712,
              41.1850491
            ],
            [
              -74.5041172,
              41.1850529
            ],
            [
              -74.5040621,
              41.1850605
            ],
            [
              -74.5040049,
              41.1850872
            ],
            [
              -74.5039573,
              41.1851194
            ],
            [
              -74.5038887,
              41.1852161
            ],
            [
              -74.5038726,
              41.1852508
            ],
            [
              -74.5038676,
              41.1852852
            ],
            [
              -74.5038757,
              41.185299
            ],
            [
              -74.5039079,
              41.1853105
            ],
            [
              -74.5039468,
              41.185318
            ],
            [
              -74.5040488,
              41.1852991
            ],
            [
              -74.5041599,
              41.1852774
            ],
            [
              -74.504268,
              41.1852379
            ],
            [
              -74.5043639,
              41.1852406
            ],
            [
              -74.5044112,
              41.1852726
            ],
            [
              -74.5044449,
              41.1853047
            ],
            [
              -74.5044972,
              41.1853369
            ],
            [
              -74.5045514,
              41.1853404
            ],
            [
              -74.5046254,
              41.1853816
            ],
            [
              -74.5046176,
              41.1854111
            ],
            [
              -74.5045734,
              41.1854401
            ],
            [
              -74.5045049,
              41.1854325
            ],
            [
              -74.5044358,
              41.1854467
            ],
            [
              -74.5044037,
              41.1854947
            ],
            [
              -74.5043854,
              41.1855428
            ],
            [
              -74.5043172,
              41.1855763
            ],
            [
              -74.5042172,
              41.1855778
            ],
            [
              -74.504122,
              41.1855895
            ],
            [
              -74.5040858,
              41.1856171
            ],
            [
              -74.504061,
              41.1856425
            ],
            [
              -74.5040297,
              41.1857028
            ],
            [
              -74.5040429,
              41.1857283
            ],
            [
              -74.5040761,
              41.1857446
            ],
            [
              -74.5041234,
              41.1857329
            ],
            [
              -74.5041814,
              41.1857042
            ],
            [
              -74.5042973,
              41.185738
            ],
            [
              -74.5044271,
              41.1857345
            ],
            [
              -74.5045153,
              41.1857492
            ],
            [
              -74.5045582,
              41.1858011
            ],
            [
              -74.5045473,
              41.185848
            ],
            [
              -74.5044854,
              41.1859035
            ],
            [
              -74.5043625,
              41.1859428
            ],
            [
              -74.5043151,
              41.1859998
            ],
            [
              -74.5043321,
              41.186034
            ],
            [
              -74.5043829,
              41.1860611
            ],
            [
              -74.5044941,
              41.1860636
            ],
            [
              -74.5047808,
              41.1861046
            ],
            [
              -74.5048441,
              41.1861307
            ],
            [
              -74.5048883,
              41.1861655
            ],
            [
              -74.5048837,
              41.1862365
            ],
            [
              -74.5048868,
              41.1862779
            ],
            [
              -74.5049442,
              41.1863131
            ],
            [
              -74.5050108,
              41.1863198
            ],
            [
              -74.5050515,
              41.1863598
            ],
            [
              -74.5050506,
              41.1864176
            ],
            [
              -74.5050887,
              41.1864516
            ],
            [
              -74.5051383,
              41.1864723
            ],
            [
              -74.505209,
              41.1864662
            ],
            [
              -74.5053009,
              41.1864554
            ],
            [
              -74.5054439,
              41.186437
            ],
            [
              -74.5054958,
              41.1864709
            ],
            [
              -74.5054775,
              41.1865206
            ],
            [
              -74.5054458,
              41.1865524
            ],
            [
              -74.5054255,
              41.1865808
            ],
            [
              -74.5054248,
              41.1866053
            ],
            [
              -74.5054688,
              41.1866519
            ],
            [
              -74.5055334,
              41.1866661
            ],
            [
              -74.5055664,
              41.1867178
            ],
            [
              -74.5055273,
              41.1867488
            ],
            [
              -74.50552,
              41.1867803
            ],
            [
              -74.505549,
              41.186808
            ],
            [
              -74.5055931,
              41.1868041
            ],
            [
              -74.5056387,
              41.186806
            ],
            [
              -74.5056665,
              41.1868304
            ],
            [
              -74.5056555,
              41.1869007
            ]
          ]
        ]
      }
    },
    {
      "type": "Feature",
      "properties": {
        "name": "Twist",
        "ridepalUrl": "https://www.ridepal.app/trails/us/new-jersey/vernon/twist-ykasqy",
        "slug": "twist-ykasqy",
        "difficultyLabel": "Blue Square",
        "difficulty": "blue",
        "distanceMiles": 0.28955897558259763,
        "isLoop": false,
        "source": "admin"
      },
      "geometry": {
        "type": "MultiLineString",
        "coordinates": [
          [
            [
              -74.5053076,
              41.1826279
            ],
            [
              -74.5055025,
              41.1825886
            ],
            [
              -74.5055913,
              41.1825688
            ],
            [
              -74.5057282,
              41.182572
            ],
            [
              -74.50587,
              41.1825342
            ],
            [
              -74.5059431,
              41.1824936
            ],
            [
              -74.5060071,
              41.1823907
            ],
            [
              -74.5060187,
              41.1822624
            ],
            [
              -74.5060373,
              41.1821913
            ],
            [
              -74.5060789,
              41.1821225
            ],
            [
              -74.506089,
              41.1820722
            ],
            [
              -74.5061428,
              41.1819952
            ],
            [
              -74.5061793,
              41.181904
            ],
            [
              -74.5061976,
              41.1818012
            ],
            [
              -74.5061837,
              41.1817231
            ],
            [
              -74.5061974,
              41.1816324
            ],
            [
              -74.5061524,
              41.1815707
            ],
            [
              -74.5060763,
              41.1815494
            ],
            [
              -74.5059284,
              41.1815762
            ],
            [
              -74.5058409,
              41.1815691
            ],
            [
              -74.5057977,
              41.1815436
            ],
            [
              -74.5057204,
              41.1814803
            ],
            [
              -74.5056673,
              41.1814654
            ],
            [
              -74.5055161,
              41.1814833
            ],
            [
              -74.5052737,
              41.1814446
            ],
            [
              -74.5052081,
              41.1814049
            ],
            [
              -74.505141,
              41.1813307
            ],
            [
              -74.5050755,
              41.1813118
            ],
            [
              -74.5049979,
              41.1812997
            ],
            [
              -74.5049531,
              41.181264
            ],
            [
              -74.504929,
              41.1812023
            ],
            [
              -74.5049202,
              41.1811311
            ],
            [
              -74.5048755,
              41.1810668
            ],
            [
              -74.5048424,
              41.1810141
            ],
            [
              -74.5048198,
              41.1809614
            ],
            [
              -74.504752,
              41.1809291
            ],
            [
              -74.5046659,
              41.1809142
            ],
            [
              -74.5045761,
              41.180885
            ],
            [
              -74.5044677,
              41.1808516
            ],
            [
              -74.5043978,
              41.1808272
            ],
            [
              -74.5042917,
              41.1808045
            ],
            [
              -74.5042541,
              41.1807933
            ],
            [
              -74.504203,
              41.1807872
            ],
            [
              -74.5041145,
              41.1807867
            ],
            [
              -74.5039685,
              41.1807975
            ],
            [
              -74.5038393,
              41.1807962
            ],
            [
              -74.5033963,
              41.1806697
            ],
            [
              -74.503094,
              41.180622
            ]
          ]
        ]
      }
    },
    {
      "type": "Feature",
      "properties": {
        "name": "The Jack",
        "ridepalUrl": "https://www.ridepal.app/trails/us/new-jersey/vernon/the-jack-15al1o",
        "slug": "the-jack-15al1o",
        "difficultyLabel": "Black Diamond",
        "difficulty": "black",
        "distanceMiles": 0.28148115008351227,
        "isLoop": false,
        "source": "admin"
      },
      "geometry": {
        "type": "MultiLineString",
        "coordinates": [
          [
            [
              -74.5029526,
              41.1807603
            ],
            [
              -74.5031277,
              41.1808405
            ],
            [
              -74.5031749,
              41.1809092
            ],
            [
              -74.5033625,
              41.1810078
            ],
            [
              -74.5034156,
              41.1810491
            ],
            [
              -74.503585,
              41.1810858
            ],
            [
              -74.5038567,
              41.181243
            ],
            [
              -74.5039837,
              41.1812755
            ],
            [
              -74.5041181,
              41.1814207
            ],
            [
              -74.5041252,
              41.1815312
            ],
            [
              -74.5043234,
              41.1816018
            ],
            [
              -74.5044627,
              41.1817053
            ],
            [
              -74.5045364,
              41.1818176
            ],
            [
              -74.504527,
              41.1819029
            ],
            [
              -74.5045811,
              41.1819378
            ],
            [
              -74.5047074,
              41.1819694
            ],
            [
              -74.5047479,
              41.1820628
            ],
            [
              -74.5048348,
              41.1821292
            ],
            [
              -74.5050808,
              41.1822451
            ],
            [
              -74.5051675,
              41.1822504
            ],
            [
              -74.5052791,
              41.1822492
            ],
            [
              -74.5053595,
              41.1822736
            ],
            [
              -74.5054234,
              41.1823375
            ],
            [
              -74.5054183,
              41.1824017
            ],
            [
              -74.5053905,
              41.1824675
            ],
            [
              -74.5053512,
              41.1825806
            ],
            [
              -74.5053076,
              41.1826279
            ],
            [
              -74.50521,
              41.1826819
            ],
            [
              -74.5051429,
              41.1827351
            ],
            [
              -74.5050419,
              41.1827753
            ],
            [
              -74.5049947,
              41.1828024
            ],
            [
              -74.5049871,
              41.1828361
            ],
            [
              -74.5050186,
              41.1828752
            ],
            [
              -74.5050589,
              41.1828944
            ],
            [
              -74.5051385,
              41.1829017
            ],
            [
              -74.505229,
              41.1829223
            ],
            [
              -74.5052625,
              41.1829789
            ],
            [
              -74.5052838,
              41.1830124
            ],
            [
              -74.5053165,
              41.1830545
            ],
            [
              -74.5053019,
              41.1831165
            ],
            [
              -74.5052419,
              41.1831792
            ],
            [
              -74.5051668,
              41.1832384
            ],
            [
              -74.5050695,
              41.1833505
            ],
            [
              -74.5050145,
              41.1834356
            ]
          ]
        ]
      }
    },
    {
      "type": "Feature",
      "properties": {
        "name": "Ripper",
        "ridepalUrl": "https://www.ridepal.app/trails/us/new-jersey/vernon/ripper-5ashmy",
        "slug": "ripper-5ashmy",
        "difficultyLabel": "Double Black Diamond",
        "difficulty": "doubleBlack",
        "distanceMiles": 0.2727819533921896,
        "isLoop": false,
        "source": "admin"
      },
      "geometry": {
        "type": "MultiLineString",
        "coordinates": [
          [
            [
              -74.5045914,
              41.1877346
            ],
            [
              -74.5045237,
              41.1876289
            ],
            [
              -74.5043928,
              41.1875591
            ],
            [
              -74.5043137,
              41.1874565
            ],
            [
              -74.5042619,
              41.1873272
            ],
            [
              -74.5043355,
              41.187007
            ],
            [
              -74.5043492,
              41.1869372
            ],
            [
              -74.5043001,
              41.1868244
            ],
            [
              -74.5042292,
              41.1866868
            ],
            [
              -74.5041228,
              41.1865575
            ],
            [
              -74.5041337,
              41.1864816
            ],
            [
              -74.504131,
              41.1864221
            ],
            [
              -74.5041828,
              41.1863502
            ],
            [
              -74.5041809,
              41.1863076
            ],
            [
              -74.5040683,
              41.1862764
            ],
            [
              -74.5039533,
              41.1862038
            ],
            [
              -74.503961,
              41.1861333
            ],
            [
              -74.5040149,
              41.1860661
            ],
            [
              -74.504066,
              41.1859743
            ],
            [
              -74.5040374,
              41.1859205
            ],
            [
              -74.503914,
              41.1858743
            ],
            [
              -74.5037794,
              41.1858028
            ],
            [
              -74.5037593,
              41.1857338
            ],
            [
              -74.5037586,
              41.1856599
            ],
            [
              -74.5038029,
              41.1855961
            ],
            [
              -74.5037736,
              41.1855621
            ],
            [
              -74.503669,
              41.1854746
            ],
            [
              -74.5036041,
              41.1853882
            ],
            [
              -74.5035662,
              41.1852796
            ],
            [
              -74.5035952,
              41.1851809
            ],
            [
              -74.5036401,
              41.1850921
            ],
            [
              -74.5037219,
              41.185088
            ],
            [
              -74.5037983,
              41.1850675
            ],
            [
              -74.503861,
              41.1850264
            ],
            [
              -74.5038773,
              41.1849607
            ],
            [
              -74.5038883,
              41.1848971
            ],
            [
              -74.5039101,
              41.1848253
            ],
            [
              -74.5039755,
              41.1847124
            ],
            [
              -74.5041124,
              41.1845614
            ],
            [
              -74.5042114,
              41.1844088
            ]
          ]
        ]
      }
    },
    {
      "type": "Feature",
      "properties": {
        "name": "DMLH",
        "ridepalUrl": "https://www.ridepal.app/trails/us/new-jersey/vernon/dmlh-abz5gf",
        "slug": "dmlh-abz5gf",
        "difficultyLabel": "Double Black Diamond",
        "difficulty": "doubleBlack",
        "distanceMiles": 0.26408275670086695,
        "isLoop": false,
        "source": "admin"
      },
      "geometry": {
        "type": "MultiLineString",
        "coordinates": [
          [
            [
              -74.4967243,
              41.1873022
            ],
            [
              -74.4964526,
              41.186955
            ],
            [
              -74.4960103,
              41.1866904
            ],
            [
              -74.4958402,
              41.1863576
            ],
            [
              -74.496067,
              41.1861271
            ],
            [
              -74.4963846,
              41.1856406
            ],
            [
              -74.4965207,
              41.1852907
            ],
            [
              -74.4968423,
              41.184815
            ],
            [
              -74.4967092,
              41.1839086
            ]
          ]
        ]
      }
    },
    {
      "type": "Feature",
      "properties": {
        "name": "Waterboy",
        "ridepalUrl": "https://www.ridepal.app/trails/us/new-jersey/vernon/waterboy-98mizm",
        "slug": "waterboy-98mizm",
        "difficultyLabel": "Blue Square",
        "difficulty": "blue",
        "distanceMiles": 0.2584904159707309,
        "isLoop": false,
        "source": "admin"
      },
      "geometry": {
        "type": "MultiLineString",
        "coordinates": [
          [
            [
              -74.5000913,
              41.1835081
            ],
            [
              -74.5000253,
              41.1836415
            ],
            [
              -74.5000067,
              41.1838014
            ],
            [
              -74.499973,
              41.1838423
            ],
            [
              -74.4999037,
              41.1838657
            ],
            [
              -74.4998594,
              41.1839036
            ],
            [
              -74.5000043,
              41.1840984
            ],
            [
              -74.4999762,
              41.1842153
            ],
            [
              -74.4999133,
              41.1843321
            ],
            [
              -74.4998631,
              41.1843983
            ],
            [
              -74.4999197,
              41.1845134
            ],
            [
              -74.4999158,
              41.1845877
            ],
            [
              -74.4999821,
              41.1846662
            ],
            [
              -74.5001159,
              41.1846954
            ],
            [
              -74.5001398,
              41.1847837
            ],
            [
              -74.5000253,
              41.1848839
            ],
            [
              -74.5000163,
              41.1849457
            ],
            [
              -74.5000731,
              41.1850076
            ],
            [
              -74.5002287,
              41.1850996
            ],
            [
              -74.5003873,
              41.1852652
            ],
            [
              -74.5004496,
              41.1852938
            ],
            [
              -74.500519,
              41.1853085
            ],
            [
              -74.5005377,
              41.1853674
            ],
            [
              -74.5004499,
              41.185449
            ],
            [
              -74.5003679,
              41.1854685
            ],
            [
              -74.5003372,
              41.1854928
            ],
            [
              -74.5003812,
              41.1855474
            ],
            [
              -74.5004562,
              41.1855696
            ],
            [
              -74.5005395,
              41.1855794
            ],
            [
              -74.5006217,
              41.1855772
            ],
            [
              -74.5006922,
              41.1855815
            ],
            [
              -74.5007382,
              41.1855906
            ],
            [
              -74.5007391,
              41.1856363
            ],
            [
              -74.5006904,
              41.1856834
            ],
            [
              -74.5005943,
              41.1857168
            ],
            [
              -74.5005385,
              41.1857278
            ],
            [
              -74.5004908,
              41.1857584
            ],
            [
              -74.5004989,
              41.1858055
            ],
            [
              -74.5005153,
              41.1858274
            ],
            [
              -74.5003638,
              41.1860201
            ],
            [
              -74.5003379,
              41.186071
            ],
            [
              -74.5003388,
              41.1861329
            ],
            [
              -74.5003557,
              41.1861772
            ],
            [
              -74.5003974,
              41.1861858
            ],
            [
              -74.5004519,
              41.1861985
            ],
            [
              -74.5004723,
              41.1862376
            ],
            [
              -74.500513,
              41.1862927
            ]
          ]
        ]
      }
    },
    {
      "type": "Feature",
      "properties": {
        "name": "Indy",
        "ridepalUrl": "https://www.ridepal.app/trails/us/new-jersey/vernon/indy-ygry1j",
        "slug": "indy-ygry1j",
        "difficultyLabel": "Blue Square",
        "difficulty": "blue",
        "distanceMiles": 0.25538356000954426,
        "isLoop": false,
        "source": "admin"
      },
      "geometry": {
        "type": "MultiLineString",
        "coordinates": [
          [
            [
              -74.505487,
              41.1898502
            ],
            [
              -74.5051905,
              41.1897402
            ],
            [
              -74.5050705,
              41.1897048
            ],
            [
              -74.5049575,
              41.1897171
            ],
            [
              -74.50479,
              41.1897423
            ],
            [
              -74.504632,
              41.1897547
            ],
            [
              -74.5044587,
              41.1897668
            ],
            [
              -74.5043791,
              41.189761
            ],
            [
              -74.5043164,
              41.1897239
            ],
            [
              -74.5042989,
              41.1895907
            ],
            [
              -74.5042489,
              41.1895387
            ],
            [
              -74.5041944,
              41.1895144
            ],
            [
              -74.5041795,
              41.1894721
            ],
            [
              -74.5042391,
              41.1894149
            ],
            [
              -74.5042249,
              41.1893798
            ],
            [
              -74.5040216,
              41.1892834
            ],
            [
              -74.5039952,
              41.1892268
            ],
            [
              -74.5040265,
              41.1891791
            ],
            [
              -74.5040286,
              41.1891488
            ],
            [
              -74.5040071,
              41.1891109
            ],
            [
              -74.503938,
              41.189072
            ],
            [
              -74.5039288,
              41.1890225
            ],
            [
              -74.5039578,
              41.1889854
            ],
            [
              -74.5039799,
              41.1889428
            ],
            [
              -74.5039615,
              41.1889088
            ],
            [
              -74.5039062,
              41.1888782
            ],
            [
              -74.5038292,
              41.1888608
            ],
            [
              -74.5038076,
              41.1888312
            ],
            [
              -74.5038021,
              41.1887985
            ],
            [
              -74.5038405,
              41.1887446
            ],
            [
              -74.5039021,
              41.1887046
            ],
            [
              -74.5039084,
              41.1886532
            ],
            [
              -74.5038823,
              41.1886426
            ],
            [
              -74.5038392,
              41.1886331
            ],
            [
              -74.5037574,
              41.1886465
            ],
            [
              -74.5037033,
              41.1886368
            ],
            [
              -74.5036845,
              41.1886141
            ],
            [
              -74.5037009,
              41.1885734
            ],
            [
              -74.5037354,
              41.1885539
            ],
            [
              -74.5037854,
              41.1885373
            ],
            [
              -74.5038082,
              41.1885048
            ],
            [
              -74.5037891,
              41.1884706
            ],
            [
              -74.5036948,
              41.1884463
            ],
            [
              -74.5036422,
              41.1884105
            ],
            [
              -74.503635,
              41.1883707
            ],
            [
              -74.5036894,
              41.1883111
            ],
            [
              -74.5037736,
              41.1882539
            ],
            [
              -74.5037786,
              41.188223
            ],
            [
              -74.5037575,
              41.1881991
            ],
            [
              -74.503548,
              41.1881182
            ],
            [
              -74.5035087,
              41.1880886
            ],
            [
              -74.5034998,
              41.1880592
            ],
            [
              -74.5035255,
              41.1880327
            ],
            [
              -74.5035805,
              41.1879922
            ],
            [
              -74.5035689,
              41.18795
            ],
            [
              -74.5035077,
              41.1879102
            ],
            [
              -74.5034603,
              41.1878565
            ],
            [
              -74.5033915,
              41.1877358
            ]
          ]
        ]
      }
    },
    {
      "type": "Feature",
      "properties": {
        "name": "Fat Lip",
        "ridepalUrl": "https://www.ridepal.app/trails/us/new-jersey/vernon/fat-lip-rf8hz9",
        "slug": "fat-lip-rf8hz9",
        "difficultyLabel": "Black Diamond",
        "difficulty": "black",
        "distanceMiles": 0.18951821363238686,
        "isLoop": false,
        "source": "admin"
      },
      "geometry": {
        "type": "MultiLineString",
        "coordinates": [
          [
            [
              -74.5042917,
              41.1808045
            ],
            [
              -74.5043441,
              41.1808475
            ],
            [
              -74.5043926,
              41.1808698
            ],
            [
              -74.5044249,
              41.1809007
            ],
            [
              -74.5044553,
              41.1809604
            ],
            [
              -74.5044876,
              41.1810031
            ],
            [
              -74.5045504,
              41.1810352
            ],
            [
              -74.5047106,
              41.1810675
            ],
            [
              -74.504804,
              41.1810738
            ],
            [
              -74.5048755,
              41.1810668
            ],
            [
              -74.5050736,
              41.181097
            ],
            [
              -74.5051405,
              41.1810925
            ],
            [
              -74.5052074,
              41.1811122
            ],
            [
              -74.505519,
              41.1813007
            ],
            [
              -74.5056958,
              41.181397
            ],
            [
              -74.5057823,
              41.1814214
            ],
            [
              -74.5058468,
              41.1814475
            ],
            [
              -74.5059347,
              41.1814754
            ],
            [
              -74.5060524,
              41.1814903
            ],
            [
              -74.5062595,
              41.1815862
            ],
            [
              -74.5063285,
              41.1816432
            ],
            [
              -74.5063513,
              41.1816796
            ],
            [
              -74.5063574,
              41.1817258
            ],
            [
              -74.5063787,
              41.1818316
            ],
            [
              -74.5063596,
              41.1818896
            ],
            [
              -74.5063485,
              41.1819343
            ],
            [
              -74.5063498,
              41.1819923
            ],
            [
              -74.506446,
              41.1820689
            ],
            [
              -74.5065781,
              41.182164
            ],
            [
              -74.5066641,
              41.1822624
            ],
            [
              -74.5067615,
              41.1823756
            ],
            [
              -74.5067666,
              41.1824342
            ]
          ]
        ]
      }
    },
    {
      "type": "Feature",
      "properties": {
        "name": "Asylum Connector",
        "ridepalUrl": "https://www.ridepal.app/trails/us/new-jersey/vernon/asylum-connector",
        "slug": "asylum-connector",
        "difficultyLabel": "Black Diamond",
        "difficulty": "black",
        "distanceMiles": 0.17833353217211484,
        "isLoop": false,
        "source": "admin"
      },
      "geometry": {
        "type": "MultiLineString",
        "coordinates": [
          [
            [
              -74.5039421,
              41.1839166
            ],
            [
              -74.5038012,
              41.1839003
            ],
            [
              -74.5037131,
              41.1839018
            ],
            [
              -74.5036192,
              41.1839173
            ],
            [
              -74.5035414,
              41.1839148
            ],
            [
              -74.5033908,
              41.1838853
            ],
            [
              -74.5032834,
              41.1838684
            ],
            [
              -74.5031921,
              41.1838655
            ],
            [
              -74.5031001,
              41.1838495
            ],
            [
              -74.5030171,
              41.183817
            ],
            [
              -74.5029245,
              41.1838132
            ],
            [
              -74.5028377,
              41.1838485
            ],
            [
              -74.5027673,
              41.183914
            ],
            [
              -74.5027309,
              41.1839894
            ],
            [
              -74.5027345,
              41.1840639
            ],
            [
              -74.5027741,
              41.1841252
            ],
            [
              -74.5027967,
              41.1842178
            ],
            [
              -74.5028008,
              41.1842751
            ],
            [
              -74.5027995,
              41.1843391
            ],
            [
              -74.5027741,
              41.1843879
            ],
            [
              -74.5027024,
              41.1844465
            ],
            [
              -74.5026293,
              41.1845074
            ],
            [
              -74.5025631,
              41.1845504
            ],
            [
              -74.5024779,
              41.1846157
            ],
            [
              -74.5024499,
              41.1846561
            ],
            [
              -74.5024154,
              41.184707
            ],
            [
              -74.5023484,
              41.1848965
            ],
            [
              -74.5023174,
              41.1849922
            ],
            [
              -74.5022964,
              41.1850464
            ],
            [
              -74.5022607,
              41.1851594
            ],
            [
              -74.5022518,
              41.1852206
            ],
            [
              -74.5022592,
              41.1852711
            ],
            [
              -74.502247,
              41.1853172
            ],
            [
              -74.5022245,
              41.1853512
            ],
            [
              -74.502198,
              41.1854035
            ]
          ]
        ]
      }
    },
    {
      "type": "Feature",
      "properties": {
        "name": "Triple Drop",
        "ridepalUrl": "https://www.ridepal.app/trails/us/new-jersey/vernon/triple-drop-m99abg",
        "slug": "triple-drop-m99abg",
        "difficultyLabel": "Blue Square",
        "difficulty": "blue",
        "distanceMiles": 0.16963433548079218,
        "isLoop": false,
        "source": "admin"
      },
      "geometry": {
        "type": "MultiLineString",
        "coordinates": [
          [
            [
              -74.5040812,
              41.180306
            ],
            [
              -74.5043903,
              41.1803968
            ],
            [
              -74.5046597,
              41.1804525
            ],
            [
              -74.5048846,
              41.1804654
            ],
            [
              -74.5050845,
              41.1804645
            ],
            [
              -74.5051831,
              41.1804311
            ],
            [
              -74.5052461,
              41.1804564
            ],
            [
              -74.5053745,
              41.1805552
            ],
            [
              -74.5054826,
              41.1806113
            ],
            [
              -74.5057405,
              41.1807774
            ],
            [
              -74.5059909,
              41.1808814
            ],
            [
              -74.506194,
              41.1809039
            ],
            [
              -74.5063237,
              41.1809325
            ],
            [
              -74.5064222,
              41.1809591
            ],
            [
              -74.5066643,
              41.1810631
            ],
            [
              -74.5067042,
              41.1811717
            ],
            [
              -74.5067334,
              41.1812678
            ],
            [
              -74.5067667,
              41.1813394
            ]
          ]
        ]
      }
    },
    {
      "type": "Feature",
      "properties": {
        "name": "Bushwhack",
        "ridepalUrl": "https://www.ridepal.app/trails/us/new-jersey/vernon/bushwhack",
        "slug": "bushwhack",
        "difficultyLabel": "Blue Square",
        "difficulty": "blue",
        "distanceMiles": 0.1627992523661815,
        "isLoop": false,
        "source": "admin"
      },
      "geometry": {
        "type": "MultiLineString",
        "coordinates": [
          [
            [
              -74.5029526,
              41.1807603
            ],
            [
              -74.5028852,
              41.1806754
            ],
            [
              -74.5027995,
              41.1806262
            ],
            [
              -74.5026219,
              41.1805612
            ],
            [
              -74.5024519,
              41.1805048
            ],
            [
              -74.5023224,
              41.1805941
            ],
            [
              -74.5022337,
              41.180638
            ],
            [
              -74.5020259,
              41.1808296
            ],
            [
              -74.5016546,
              41.1808858
            ],
            [
              -74.5015238,
              41.1810035
            ],
            [
              -74.5014522,
              41.1811767
            ],
            [
              -74.5012599,
              41.1813005
            ],
            [
              -74.5012117,
              41.1812988
            ],
            [
              -74.5011035,
              41.181167
            ],
            [
              -74.5008702,
              41.18115
            ],
            [
              -74.5007374,
              41.1811526
            ],
            [
              -74.5005444,
              41.1811773
            ]
          ]
        ]
      }
    },
    {
      "type": "Feature",
      "properties": {
        "name": "Utah",
        "ridepalUrl": "https://www.ridepal.app/trails/us/new-jersey/vernon/utah",
        "slug": "utah",
        "difficultyLabel": "Double Black Diamond",
        "difficulty": "doubleBlack",
        "distanceMiles": 0.16155650998170681,
        "isLoop": false,
        "source": "admin"
      },
      "geometry": {
        "type": "MultiLineString",
        "coordinates": [
          [
            [
              -74.5008965,
              41.1831817
            ],
            [
              -74.5009089,
              41.1832693
            ],
            [
              -74.5009427,
              41.183327
            ],
            [
              -74.5012371,
              41.183464
            ],
            [
              -74.5014599,
              41.183499
            ],
            [
              -74.501685,
              41.1835763
            ],
            [
              -74.5018515,
              41.1837016
            ],
            [
              -74.5018368,
              41.1838287
            ],
            [
              -74.5018879,
              41.1839749
            ],
            [
              -74.5020032,
              41.1840866
            ],
            [
              -74.5020155,
              41.1842284
            ],
            [
              -74.5020277,
              41.1843813
            ],
            [
              -74.5021648,
              41.1844624
            ],
            [
              -74.5022088,
              41.1845305
            ],
            [
              -74.5022431,
              41.1846779
            ],
            [
              -74.5022676,
              41.1848105
            ],
            [
              -74.5023174,
              41.1849922
            ]
          ]
        ]
      }
    },
    {
      "type": "Feature",
      "properties": {
        "name": "Careless Whisper",
        "ridepalUrl": "https://www.ridepal.app/trails/us/new-jersey/vernon/careless-whisper-rbdsqu",
        "slug": "careless-whisper-rbdsqu",
        "difficultyLabel": "Black Diamond",
        "difficulty": "black",
        "distanceMiles": 0.1572069116360455,
        "isLoop": false,
        "source": "admin"
      },
      "geometry": {
        "type": "MultiLineString",
        "coordinates": [
          [
            [
              -74.4988286,
              41.1845817
            ],
            [
              -74.4989392,
              41.1844851
            ],
            [
              -74.4990206,
              41.1842667
            ],
            [
              -74.4991144,
              41.1841268
            ],
            [
              -74.4992167,
              41.1838089
            ],
            [
              -74.4993265,
              41.1835558
            ],
            [
              -74.4994821,
              41.1833623
            ],
            [
              -74.4995677,
              41.1832663
            ],
            [
              -74.4996342,
              41.1832744
            ],
            [
              -74.4997911,
              41.1832624
            ],
            [
              -74.4999174,
              41.1832436
            ],
            [
              -74.5000457,
              41.1831798
            ],
            [
              -74.5001513,
              41.1830532
            ],
            [
              -74.5002569,
              41.182981
            ],
            [
              -74.5004059,
              41.1828236
            ]
          ]
        ]
      }
    },
    {
      "type": "Feature",
      "properties": {
        "name": "Covenant",
        "ridepalUrl": "https://www.ridepal.app/trails/us/new-jersey/vernon/covenant-d2z0pq",
        "slug": "covenant-d2z0pq",
        "difficultyLabel": "Double Black Diamond",
        "difficulty": "doubleBlack",
        "distanceMiles": 0.14975045732919748,
        "isLoop": false,
        "source": "admin"
      },
      "geometry": {
        "type": "MultiLineString",
        "coordinates": [
          [
            [
              -74.5062397,
              41.1802231
            ],
            [
              -74.5065991,
              41.1803786
            ],
            [
              -74.5068566,
              41.1804331
            ],
            [
              -74.507208,
              41.1805785
            ],
            [
              -74.507385,
              41.180633
            ],
            [
              -74.5074896,
              41.1807117
            ],
            [
              -74.5074963,
              41.1808187
            ],
            [
              -74.5073068,
              41.1811192
            ],
            [
              -74.5073802,
              41.1812703
            ],
            [
              -74.5075697,
              41.1812772
            ],
            [
              -74.5079335,
              41.1810573
            ]
          ]
        ]
      }
    },
    {
      "type": "Feature",
      "properties": {
        "name": "Deviant",
        "ridepalUrl": "https://www.ridepal.app/trails/us/new-jersey/vernon/deviant-kg9399",
        "slug": "deviant-kg9399",
        "difficultyLabel": "Green Circle",
        "difficulty": "green",
        "distanceMiles": 0.14912908613696016,
        "isLoop": false,
        "source": "admin"
      },
      "geometry": {
        "type": "MultiLineString",
        "coordinates": [
          [
            [
              -74.5084817,
              41.1802895
            ],
            [
              -74.5086009,
              41.180375
            ],
            [
              -74.5087074,
              41.1805933
            ],
            [
              -74.5087118,
              41.1806687
            ],
            [
              -74.508677,
              41.1808056
            ],
            [
              -74.5086613,
              41.1809227
            ],
            [
              -74.5086087,
              41.180998
            ],
            [
              -74.5085875,
              41.1810353
            ],
            [
              -74.5086186,
              41.181116
            ],
            [
              -74.5086243,
              41.1811785
            ],
            [
              -74.5085712,
              41.1813841
            ],
            [
              -74.5084878,
              41.1814999
            ],
            [
              -74.5084353,
              41.1815797
            ],
            [
              -74.5083509,
              41.1817233
            ],
            [
              -74.5082708,
              41.1817939
            ],
            [
              -74.5082047,
              41.1818354
            ],
            [
              -74.5081458,
              41.1818506
            ],
            [
              -74.508072,
              41.181856
            ],
            [
              -74.5080354,
              41.1818648
            ],
            [
              -74.5080069,
              41.1818841
            ],
            [
              -74.5080271,
              41.1819267
            ],
            [
              -74.5080761,
              41.1819596
            ],
            [
              -74.5081261,
              41.1819825
            ],
            [
              -74.5081614,
              41.182003
            ],
            [
              -74.5081405,
              41.1820389
            ],
            [
              -74.5080312,
              41.1820409
            ]
          ]
        ]
      }
    },
    {
      "type": "Feature",
      "properties": {
        "name": "Upper Dominion",
        "ridepalUrl": "https://www.ridepal.app/trails/us/new-jersey/vernon/upper-dominion-930l9g",
        "slug": "upper-dominion-930l9g",
        "difficultyLabel": "Black Diamond",
        "difficulty": "black",
        "distanceMiles": 0.14042988944563747,
        "isLoop": false,
        "source": "admin"
      },
      "geometry": {
        "type": "MultiLineString",
        "coordinates": [
          [
            [
              -74.5036461,
              41.1802994
            ],
            [
              -74.5038087,
              41.1802208
            ],
            [
              -74.5039474,
              41.1801742
            ],
            [
              -74.5040872,
              41.1801487
            ],
            [
              -74.5043399,
              41.18013
            ],
            [
              -74.5045046,
              41.1801071
            ],
            [
              -74.5048824,
              41.1800188
            ],
            [
              -74.5051694,
              41.1800562
            ],
            [
              -74.505494,
              41.1801138
            ],
            [
              -74.505774,
              41.1801531
            ],
            [
              -74.5060387,
              41.1801722
            ],
            [
              -74.5062397,
              41.1802231
            ]
          ]
        ]
      }
    },
    {
      "type": "Feature",
      "properties": {
        "name": "Upper Deviant",
        "ridepalUrl": "https://www.ridepal.app/trails/us/new-jersey/vernon/upper-deviant-qlfyf4",
        "slug": "upper-deviant-qlfyf4",
        "difficultyLabel": "Green Circle",
        "difficulty": "green",
        "distanceMiles": 0.13980851825340013,
        "isLoop": false,
        "source": "admin"
      },
      "geometry": {
        "type": "MultiLineString",
        "coordinates": [
          [
            [
              -74.5061046,
              41.1796991
            ],
            [
              -74.5061888,
              41.1796808
            ],
            [
              -74.5063501,
              41.1796904
            ],
            [
              -74.5064173,
              41.1796661
            ],
            [
              -74.5064814,
              41.1795569
            ],
            [
              -74.5065263,
              41.1794987
            ],
            [
              -74.5066084,
              41.1795095
            ],
            [
              -74.5067695,
              41.1795822
            ],
            [
              -74.5068669,
              41.1796245
            ],
            [
              -74.5071082,
              41.1797421
            ],
            [
              -74.5072237,
              41.1797911
            ],
            [
              -74.5073339,
              41.179814
            ],
            [
              -74.5075589,
              41.1798646
            ],
            [
              -74.5076487,
              41.1799226
            ],
            [
              -74.5077591,
              41.1799842
            ],
            [
              -74.5078427,
              41.1800196
            ],
            [
              -74.5080671,
              41.1800946
            ],
            [
              -74.50818,
              41.1801342
            ],
            [
              -74.5083818,
              41.1802312
            ]
          ]
        ]
      }
    },
    {
      "type": "Feature",
      "properties": {
        "name": "Road to Nowhere",
        "ridepalUrl": "https://www.ridepal.app/trails/us/new-jersey/vernon/road-to-nowhere-fi6z76",
        "slug": "road-to-nowhere-fi6z76",
        "difficultyLabel": "Black Diamond",
        "difficulty": "black",
        "distanceMiles": 0.12613835202417878,
        "isLoop": false,
        "source": "admin"
      },
      "geometry": {
        "type": "MultiLineString",
        "coordinates": [
          [
            [
              -74.4994821,
              41.1833623
            ],
            [
              -74.4994941,
              41.1834132
            ],
            [
              -74.4995513,
              41.1835376
            ],
            [
              -74.4995748,
              41.1836185
            ],
            [
              -74.4996293,
              41.1837464
            ],
            [
              -74.4996646,
              41.1838424
            ],
            [
              -74.499683,
              41.1838923
            ],
            [
              -74.4997462,
              41.1839625
            ],
            [
              -74.49976,
              41.1840141
            ],
            [
              -74.4996644,
              41.184205
            ],
            [
              -74.4996388,
              41.1843106
            ],
            [
              -74.4996245,
              41.1843797
            ],
            [
              -74.4996546,
              41.1844443
            ],
            [
              -74.4996435,
              41.1845073
            ],
            [
              -74.4996639,
              41.1845705
            ],
            [
              -74.4996937,
              41.184623
            ],
            [
              -74.4996905,
              41.1846702
            ],
            [
              -74.4998734,
              41.1848501
            ],
            [
              -74.4999519,
              41.1849693
            ],
            [
              -74.5000731,
              41.1850076
            ]
          ]
        ]
      }
    },
    {
      "type": "Feature",
      "properties": {
        "name": "Lower Ripper",
        "ridepalUrl": "https://www.ridepal.app/trails/us/new-jersey/vernon/lower-ripper-huljq1",
        "slug": "lower-ripper-huljq1",
        "difficultyLabel": "Blue Square",
        "difficulty": "blue",
        "distanceMiles": 0.12241012487075478,
        "isLoop": false,
        "source": "admin"
      },
      "geometry": {
        "type": "MultiLineString",
        "coordinates": [
          [
            [
              -74.504894,
              41.1893501
            ],
            [
              -74.5048692,
              41.1892549
            ],
            [
              -74.5048498,
              41.1891993
            ],
            [
              -74.5048835,
              41.1891238
            ],
            [
              -74.5048945,
              41.1890578
            ],
            [
              -74.5048856,
              41.1889635
            ],
            [
              -74.5049015,
              41.1888763
            ],
            [
              -74.5049661,
              41.1888089
            ],
            [
              -74.5049638,
              41.1887589
            ],
            [
              -74.504895,
              41.188722
            ],
            [
              -74.5048238,
              41.1887179
            ],
            [
              -74.5048201,
              41.1886919
            ],
            [
              -74.5048478,
              41.1886505
            ],
            [
              -74.5048657,
              41.1886032
            ],
            [
              -74.5048132,
              41.1883442
            ],
            [
              -74.5048058,
              41.188276
            ],
            [
              -74.5048072,
              41.1882377
            ],
            [
              -74.5047664,
              41.1880004
            ],
            [
              -74.5047555,
              41.1879423
            ],
            [
              -74.5047234,
              41.1878913
            ],
            [
              -74.5046716,
              41.1878438
            ],
            [
              -74.5046163,
              41.1878033
            ],
            [
              -74.5045914,
              41.1877346
            ]
          ]
        ]
      }
    },
    {
      "type": "Feature",
      "properties": {
        "name": "Monarch",
        "ridepalUrl": "https://www.ridepal.app/trails/us/new-jersey/vernon/monarch-jn6sa1",
        "slug": "monarch-jn6sa1",
        "difficultyLabel": "Black Diamond",
        "difficulty": "black",
        "distanceMiles": 0.12241012487075478,
        "isLoop": false,
        "source": "admin"
      },
      "geometry": {
        "type": "MultiLineString",
        "coordinates": [
          [
            [
              -74.4987212,
              41.1838476
            ],
            [
              -74.4986973,
              41.1838102
            ],
            [
              -74.4986684,
              41.1837423
            ],
            [
              -74.4986788,
              41.183618
            ],
            [
              -74.4986727,
              41.1835487
            ],
            [
              -74.4986763,
              41.1834718
            ],
            [
              -74.4986419,
              41.183391
            ],
            [
              -74.4986082,
              41.183351
            ],
            [
              -74.4986022,
              41.1833014
            ],
            [
              -74.4986146,
              41.1832069
            ],
            [
              -74.4986094,
              41.1831448
            ],
            [
              -74.4986406,
              41.1830087
            ],
            [
              -74.4986558,
              41.1829652
            ],
            [
              -74.498618,
              41.182895
            ],
            [
              -74.4986232,
              41.1828402
            ],
            [
              -74.4987116,
              41.1826922
            ],
            [
              -74.4989813,
              41.1824095
            ],
            [
              -74.4990564,
              41.1822771
            ],
            [
              -74.4990906,
              41.1822002
            ]
          ]
        ]
      }
    },
    {
      "type": "Feature",
      "properties": {
        "name": "Lower Exodus",
        "ridepalUrl": "https://www.ridepal.app/trails/us/new-jersey/vernon/lower-exodus-tk451m",
        "slug": "lower-exodus-tk451m",
        "difficultyLabel": "Black Diamond",
        "difficulty": "black",
        "distanceMiles": 0.11495367056390678,
        "isLoop": false,
        "source": "admin"
      },
      "geometry": {
        "type": "MultiLineString",
        "coordinates": [
          [
            [
              -74.5003423,
              41.1812171
            ],
            [
              -74.5003178,
              41.1813411
            ],
            [
              -74.5003085,
              41.1814248
            ],
            [
              -74.5003046,
              41.1814488
            ],
            [
              -74.5002941,
              41.1815148
            ],
            [
              -74.5002961,
              41.1815606
            ],
            [
              -74.5002765,
              41.1816335
            ],
            [
              -74.5002673,
              41.1817165
            ],
            [
              -74.5002508,
              41.1817994
            ],
            [
              -74.5002673,
              41.1818855
            ],
            [
              -74.5002776,
              41.1819321
            ],
            [
              -74.500259,
              41.1820298
            ],
            [
              -74.5002456,
              41.1820779
            ],
            [
              -74.5002209,
              41.1821415
            ],
            [
              -74.5002147,
              41.1821935
            ],
            [
              -74.5002322,
              41.1822594
            ],
            [
              -74.5002652,
              41.1823362
            ],
            [
              -74.5002838,
              41.1823633
            ],
            [
              -74.5003023,
              41.1823734
            ],
            [
              -74.5003188,
              41.182413
            ],
            [
              -74.5003219,
              41.1824378
            ],
            [
              -74.5003487,
              41.1824672
            ],
            [
              -74.5003992,
              41.1825378
            ],
            [
              -74.5004456,
              41.1826131
            ],
            [
              -74.5004486,
              41.1826441
            ],
            [
              -74.5004414,
              41.1826999
            ],
            [
              -74.5004373,
              41.1827496
            ],
            [
              -74.5004059,
              41.1828236
            ]
          ]
        ]
      }
    },
    {
      "type": "Feature",
      "properties": {
        "name": "Frog Pond",
        "ridepalUrl": "https://www.ridepal.app/trails/us/new-jersey/vernon/frog-pond-dr7dzm",
        "slug": "frog-pond-dr7dzm",
        "difficultyLabel": "Black Diamond",
        "difficulty": "black",
        "distanceMiles": 0.11122544341048278,
        "isLoop": false,
        "source": "admin"
      },
      "geometry": {
        "type": "MultiLineString",
        "coordinates": [
          [
            [
              -74.5026819,
              41.1867377
            ],
            [
              -74.5027674,
              41.1868711
            ],
            [
              -74.5027568,
              41.1869297
            ],
            [
              -74.5026819,
              41.1869771
            ],
            [
              -74.5025883,
              41.1870385
            ],
            [
              -74.502511,
              41.1870928
            ],
            [
              -74.5024456,
              41.1871238
            ],
            [
              -74.5023569,
              41.1871321
            ],
            [
              -74.5023065,
              41.1871619
            ],
            [
              -74.5024277,
              41.1873226
            ],
            [
              -74.5025554,
              41.1873701
            ],
            [
              -74.5027333,
              41.1875294
            ],
            [
              -74.5028878,
              41.1875846
            ],
            [
              -74.5029747,
              41.1875929
            ],
            [
              -74.5031734,
              41.1876295
            ],
            [
              -74.5033063,
              41.1877133
            ]
          ]
        ]
      }
    },
    {
      "type": "Feature",
      "properties": {
        "name": "Flipper",
        "ridepalUrl": "https://www.ridepal.app/trails/us/new-jersey/vernon/flipper-bfr3vr",
        "slug": "flipper-bfr3vr",
        "difficultyLabel": "Double Black Diamond",
        "difficulty": "doubleBlack",
        "distanceMiles": 0.11060407221824545,
        "isLoop": false,
        "source": "admin"
      },
      "geometry": {
        "type": "MultiLineString",
        "coordinates": [
          [
            [
              -74.5039533,
              41.1862038
            ],
            [
              -74.5038228,
              41.1861183
            ],
            [
              -74.5037246,
              41.1860732
            ],
            [
              -74.5036237,
              41.185987
            ],
            [
              -74.5033483,
              41.1858474
            ],
            [
              -74.5032774,
              41.185792
            ],
            [
              -74.5031737,
              41.1857468
            ],
            [
              -74.5031328,
              41.1856914
            ],
            [
              -74.5031546,
              41.1856401
            ],
            [
              -74.5032065,
              41.1855642
            ],
            [
              -74.5032146,
              41.1854841
            ],
            [
              -74.5031955,
              41.1853918
            ],
            [
              -74.5032037,
              41.1853322
            ],
            [
              -74.5032474,
              41.1852912
            ],
            [
              -74.5033946,
              41.1852399
            ],
            [
              -74.5034764,
              41.1851906
            ],
            [
              -74.503561,
              41.1851106
            ],
            [
              -74.5036401,
              41.1850921
            ]
          ]
        ]
      }
    },
    {
      "type": "Feature",
      "properties": {
        "name": "Pipeline",
        "ridepalUrl": "https://www.ridepal.app/trails/us/new-jersey/vernon/pipeline-5y2v8p",
        "slug": "pipeline-5y2v8p",
        "difficultyLabel": "Double Black Diamond",
        "difficulty": "doubleBlack",
        "distanceMiles": 0.10873995864153344,
        "isLoop": false,
        "source": "admin"
      },
      "geometry": {
        "type": "MultiLineString",
        "coordinates": [
          [
            [
              -74.5062397,
              41.1802231
            ],
            [
              -74.506356,
              41.1802203
            ],
            [
              -74.506564,
              41.1801692
            ],
            [
              -74.5069046,
              41.1802336
            ],
            [
              -74.5070647,
              41.1802584
            ],
            [
              -74.5071846,
              41.1802717
            ],
            [
              -74.5072902,
              41.180304
            ],
            [
              -74.5073958,
              41.180374
            ],
            [
              -74.5074819,
              41.1804148
            ],
            [
              -74.5075579,
              41.1804508
            ],
            [
              -74.5076853,
              41.1804377
            ],
            [
              -74.5080358,
              41.1803678
            ],
            [
              -74.5081411,
              41.1803859
            ],
            [
              -74.5081939,
              41.1804162
            ]
          ]
        ]
      }
    },
    {
      "type": "Feature",
      "properties": {
        "name": "Retreat",
        "ridepalUrl": "https://www.ridepal.app/trails/us/new-jersey/vernon/retreat-bnx2h9",
        "slug": "retreat-bnx2h9",
        "difficultyLabel": "Black Diamond",
        "difficulty": "black",
        "distanceMiles": 0.09569116360454943,
        "isLoop": false,
        "source": "admin"
      },
      "geometry": {
        "type": "MultiLineString",
        "coordinates": [
          [
            [
              -74.4994609,
              41.1824301
            ],
            [
              -74.4996496,
              41.1825022
            ],
            [
              -74.4998749,
              41.1825208
            ],
            [
              -74.5001086,
              41.1825946
            ],
            [
              -74.5003315,
              41.1826691
            ],
            [
              -74.5004059,
              41.1828236
            ],
            [
              -74.5005059,
              41.1829168
            ],
            [
              -74.5006091,
              41.1829675
            ],
            [
              -74.5008245,
              41.1832241
            ]
          ]
        ]
      }
    },
    {
      "type": "Feature",
      "properties": {
        "name": "Hudson River",
        "ridepalUrl": "https://www.ridepal.app/trails/us/new-jersey/vernon/hudson-river-pc9ged",
        "slug": "hudson-river-pc9ged",
        "difficultyLabel": "Blue Square",
        "difficulty": "blue",
        "distanceMiles": 0.08264236856756542,
        "isLoop": false,
        "source": "admin"
      },
      "geometry": {
        "type": "MultiLineString",
        "coordinates": [
          [
            [
              -74.5002776,
              41.1819321
            ],
            [
              -74.5003141,
              41.182016
            ],
            [
              -74.5003284,
              41.1820838
            ],
            [
              -74.500326,
              41.1821498
            ],
            [
              -74.5003758,
              41.1822622
            ],
            [
              -74.5004256,
              41.1823354
            ],
            [
              -74.5005394,
              41.1824068
            ],
            [
              -74.5006271,
              41.1824871
            ],
            [
              -74.5007551,
              41.1825584
            ],
            [
              -74.5009164,
              41.1826798
            ],
            [
              -74.5010539,
              41.18281
            ],
            [
              -74.5011464,
              41.1828819
            ]
          ]
        ]
      }
    },
    {
      "type": "Feature",
      "properties": {
        "name": "Candyland",
        "ridepalUrl": "https://www.ridepal.app/trails/us/new-jersey/vernon/candyland",
        "slug": "candyland",
        "difficultyLabel": "Blue Square",
        "difficulty": "blue",
        "distanceMiles": 0.08202099737532809,
        "isLoop": false,
        "source": "admin"
      },
      "geometry": {
        "type": "MultiLineString",
        "coordinates": [
          [
            [
              -74.5013181,
              41.1874437
            ],
            [
              -74.5012381,
              41.1875218
            ],
            [
              -74.5011063,
              41.1875816
            ],
            [
              -74.5009556,
              41.1875913
            ],
            [
              -74.5008814,
              41.187541
            ],
            [
              -74.5008393,
              41.1874908
            ],
            [
              -74.5008019,
              41.1874401
            ],
            [
              -74.5007275,
              41.1873835
            ],
            [
              -74.5006745,
              41.1873305
            ],
            [
              -74.5006032,
              41.1870526
            ],
            [
              -74.5005814,
              41.1869809
            ],
            [
              -74.5005672,
              41.1868145
            ]
          ]
        ]
      }
    },
    {
      "type": "Feature",
      "properties": {
        "name": "Lower Asylum",
        "ridepalUrl": "https://www.ridepal.app/trails/us/new-jersey/vernon/lower-asylum-1f4u6s",
        "slug": "lower-asylum-1f4u6s",
        "difficultyLabel": "Black Diamond",
        "difficulty": "black",
        "distanceMiles": 0.11830610921472286,
        "isLoop": false,
        "source": "admin"
      },
      "geometry": {
        "type": "LineString",
        "coordinates": [
          [
            -74.502198,
            41.1854035
          ],
          [
            -74.5022004,
            41.1854504
          ],
          [
            -74.5022046,
            41.1856143
          ],
          [
            -74.502164,
            41.1856687
          ],
          [
            -74.5021349,
            41.1857013
          ],
          [
            -74.5020783,
            41.1857334
          ],
          [
            -74.5020238,
            41.1857519
          ],
          [
            -74.5019862,
            41.1857626
          ],
          [
            -74.501958,
            41.1857845
          ],
          [
            -74.5019276,
            41.1858477
          ],
          [
            -74.5018898,
            41.1858936
          ],
          [
            -74.5018493,
            41.185937
          ],
          [
            -74.5018434,
            41.1859811
          ],
          [
            -74.5018742,
            41.1860212
          ],
          [
            -74.5019499,
            41.1860838
          ],
          [
            -74.5020052,
            41.1861177
          ],
          [
            -74.5021855,
            41.1861748
          ],
          [
            -74.5023513,
            41.1862611
          ],
          [
            -74.5025256,
            41.1865453
          ],
          [
            -74.5026819,
            41.1867377
          ]
        ]
      }
    },
    {
      "type": "Feature",
      "properties": {
        "name": "Lower Asylum",
        "ridepalUrl": "https://www.ridepal.app/trails/us/new-jersey/vernon/lower-asylum-196712",
        "slug": "lower-asylum-196712",
        "difficultyLabel": "Black Diamond",
        "difficulty": "black",
        "distanceMiles": 0.11830610921472286,
        "isLoop": false,
        "source": "admin"
      },
      "geometry": {
        "type": "LineString",
        "coordinates": [
          [
            -74.502198,
            41.1854035
          ],
          [
            -74.5022004,
            41.1854504
          ],
          [
            -74.5022046,
            41.1856143
          ],
          [
            -74.502164,
            41.1856687
          ],
          [
            -74.5021349,
            41.1857013
          ],
          [
            -74.5020783,
            41.1857334
          ],
          [
            -74.5020238,
            41.1857519
          ],
          [
            -74.5019862,
            41.1857626
          ],
          [
            -74.501958,
            41.1857845
          ],
          [
            -74.5019276,
            41.1858477
          ],
          [
            -74.5018898,
            41.1858936
          ],
          [
            -74.5018493,
            41.185937
          ],
          [
            -74.5018434,
            41.1859811
          ],
          [
            -74.5018742,
            41.1860212
          ],
          [
            -74.5019499,
            41.1860838
          ],
          [
            -74.5020052,
            41.1861177
          ],
          [
            -74.5021855,
            41.1861748
          ],
          [
            -74.5023513,
            41.1862611
          ],
          [
            -74.5025256,
            41.1865453
          ],
          [
            -74.5026819,
            41.1867377
          ]
        ]
      }
    },
    {
      "type": "Feature",
      "properties": {
        "name": "Progression Drops",
        "ridepalUrl": "https://www.ridepal.app/trails/us/new-jersey/vernon/progression-drops",
        "slug": "progression-drops",
        "difficultyLabel": "Blue Square",
        "difficulty": "blue",
        "distanceMiles": 0.04846695299451205,
        "isLoop": false,
        "source": "admin"
      },
      "geometry": {
        "type": "MultiLineString",
        "coordinates": [
          [
            [
              -74.5052291,
              41.1893658
            ],
            [
              -74.5052518,
              41.1893926
            ],
            [
              -74.5052322,
              41.1894371
            ],
            [
              -74.5050875,
              41.1894875
            ],
            [
              -74.5050658,
              41.1895252
            ],
            [
              -74.5051052,
              41.1895629
            ],
            [
              -74.5051466,
              41.1895703
            ],
            [
              -74.5051997,
              41.1896131
            ],
            [
              -74.5053242,
              41.1897372
            ],
            [
              -74.5053892,
              41.1897911
            ],
            [
              -74.505487,
              41.1898502
            ]
          ]
        ]
      }
    },
    {
      "type": "Feature",
      "properties": {
        "name": "Anthem",
        "ridepalUrl": "https://www.ridepal.app/trails/us/new-jersey/vernon/anthem-2cky0y",
        "slug": "anthem-2cky0y",
        "difficultyLabel": "Double Black Diamond",
        "difficulty": "doubleBlack",
        "distanceMiles": 0.04722421061003738,
        "isLoop": false,
        "source": "admin"
      },
      "geometry": {
        "type": "MultiLineString",
        "coordinates": [
          [
            [
              -74.4971245,
              41.1846374
            ],
            [
              -74.4972268,
              41.1849121
            ],
            [
              -74.4975622,
              41.1849947
            ],
            [
              -74.4977218,
              41.1849337
            ]
          ]
        ]
      }
    },
    {
      "type": "Feature",
      "properties": {
        "name": "Phantom Drop",
        "ridepalUrl": "https://www.ridepal.app/trails/us/new-jersey/vernon/phantom-drop",
        "slug": "phantom-drop",
        "difficultyLabel": "Double Black Diamond",
        "difficulty": "doubleBlack",
        "distanceMiles": 0.04722421061003738,
        "isLoop": false,
        "source": "admin"
      },
      "geometry": {
        "type": "MultiLineString",
        "coordinates": [
          [
            [
              -74.5052291,
              41.1893658
            ],
            [
              -74.5052982,
              41.1893243
            ],
            [
              -74.5054574,
              41.1895922
            ],
            [
              -74.5054839,
              41.1896987
            ],
            [
              -74.5055951,
              41.1897953
            ],
            [
              -74.5056747,
              41.1898644
            ]
          ]
        ]
      }
    },
    {
      "type": "Feature",
      "properties": {
        "name": "The Pit",
        "ridepalUrl": "https://www.ridepal.app/trails/us/new-jersey/vernon/the-pit",
        "slug": "the-pit",
        "difficultyLabel": "Double Black Diamond",
        "difficulty": "doubleBlack",
        "distanceMiles": 0.035418157957528035,
        "isLoop": false,
        "source": "admin"
      },
      "geometry": {
        "type": "MultiLineString",
        "coordinates": [
          [
            [
              -74.5051563,
              41.1888283
            ],
            [
              -74.505166,
              41.1888809
            ],
            [
              -74.5052009,
              41.1890828
            ],
            [
              -74.5052982,
              41.1893243
            ]
          ]
        ]
      }
    },
    {
      "type": "Feature",
      "properties": {
        "name": "Lower Asylum",
        "ridepalUrl": "https://www.ridepal.app/trails/us/new-jersey/vernon/lower-asylum-dud3va",
        "slug": "lower-asylum-dud3va",
        "difficultyLabel": "Black Diamond",
        "difficulty": "black",
        "distanceMiles": 0.11830610921472286,
        "isLoop": false,
        "source": "admin"
      },
      "geometry": {
        "type": "LineString",
        "coordinates": [
          [
            -74.502198,
            41.1854035
          ],
          [
            -74.5022004,
            41.1854504
          ],
          [
            -74.5022046,
            41.1856143
          ],
          [
            -74.502164,
            41.1856687
          ],
          [
            -74.5021349,
            41.1857013
          ],
          [
            -74.5020783,
            41.1857334
          ],
          [
            -74.5020238,
            41.1857519
          ],
          [
            -74.5019862,
            41.1857626
          ],
          [
            -74.501958,
            41.1857845
          ],
          [
            -74.5019276,
            41.1858477
          ],
          [
            -74.5018898,
            41.1858936
          ],
          [
            -74.5018493,
            41.185937
          ],
          [
            -74.5018434,
            41.1859811
          ],
          [
            -74.5018742,
            41.1860212
          ],
          [
            -74.5019499,
            41.1860838
          ],
          [
            -74.5020052,
            41.1861177
          ],
          [
            -74.5021855,
            41.1861748
          ],
          [
            -74.5023513,
            41.1862611
          ],
          [
            -74.5025256,
            41.1865453
          ],
          [
            -74.5026819,
            41.1867377
          ]
        ]
      }
    }
  ],
  "errors": [],
  "generatedAt": "2026-09-08T18:18:26.044Z"
}